row_n,target,prediction,score
0,0,0,1e-04
1,0,0,0.0006
2,0,0,0.0011
3,0,0,0.7327
4,0,0,0.8787
5,0,0,0.0307
6,0,0,0.0008
7,0,0,1e-04
8,0,0,0.38
9,0,0,0.3798
10,0,0,0.0233
11,0,0,0.0194
12,0,0,0.3864
13,0,0,0.0005
14,0,0,0.001
15,0,0,0.0126
16,0,0,0.0036
17,0,0,0.0073
18,0,0,0.385
19,0,0,0.0894
20,0,0,0.5411
21,0,0,0.0023
22,0,0,0.0036
23,0,0,0.0042
24,0,0,0.0007
25,0,0,0.0026
26,0,0,0.3421
27,0,0,0.0008
28,0,0,0.0131
29,0,0,0.0189
30,0,0,0.0042
31,0,0,0.0064
32,0,0,0.0056
33,0,0,0.001
34,0,0,0.0022
35,0,0,0.0112
36,1,1,0.9988
37,0,0,0.0007
38,0,0,0.0002
39,0,0,0.0002
40,0,0,0.0024
41,0,0,0.0004
42,0,0,0.0093
43,0,0,0.0096
44,0,0,0.2635
45,1,1,0.9979
46,0,0,0.0002
47,0,0,0.0044
48,0,0,0.009
49,0,0,0.0313
50,0,0,1e-04
51,0,0,0.0003
52,0,0,0.0013
53,0,0,0.0047
54,0,0,0.0877
55,0,0,0.0015
56,0,0,1e-04
57,0,0,0.0006
58,0,0,0.0152
59,0,0,0.0054
60,0,0,0.0007
61,0,0,0.0018
62,0,0,0.0038
63,0,0,0.0045
64,0,0,0.0009
65,0,0,0.0007
66,1,0,0.0006
67,0,0,0.0003
68,0,0,0.0007
69,0,0,1e-04
70,0,0,0.0137
71,0,0,0.0176
72,0,0,0.0002
73,0,0,0.1803
74,0,0,0.0003
75,0,0,0.0219
76,0,0,0.0028
77,0,0,0.0978
78,0,0,0.0021
79,0,0,0.0452
80,0,0,0.0233
81,1,0,0.0024
82,0,0,0.1151
83,0,0,0.0382
84,0,0,0.0006
85,0,0,0.0003
86,0,0,0.0026
87,0,0,0.0026
88,0,0,0.0014
89,1,0,0.0074
90,0,0,0.0015
91,1,1,0.9051
92,0,0,0.0007
93,0,0,0.0061
94,0,0,0.0006
95,0,0,1e-04
96,1,1,0.9527
97,0,0,0.0052
98,0,0,1e-04
99,0,0,0.0114
100,0,0,0.0045
101,0,0,1e-04
102,0,0,0.0012
103,0,0,0.0273
104,0,0,0.0051
105,0,0,0.0005
106,0,0,0.0004
107,0,0,0.0005
108,0,0,0.0028
109,0,0,0.001
110,0,0,0.0012
111,0,0,0.0799
112,0,0,0.0916
113,0,0,0.0089
114,0,0,0.0002
115,0,0,0.0047
116,0,0,0.1328
117,0,0,0.0668
118,0,0,0.0044
119,0,0,0.0078
120,0,0,0.0015
121,0,0,0.0444
122,0,0,0.0053
123,0,0,0.0021
124,0,0,0.0005
125,0,0,0.0251
126,0,0,0.0019
127,0,0,0.0004
128,0,0,0.0022
129,1,0,0.2961
130,0,0,0.0033
131,0,0,0.0238
132,0,0,0.0003
133,0,0,0.0005
134,0,0,0.1369
135,0,0,0.0038
136,0,0,0.0083
137,0,0,1e-04
138,0,0,0.6549
139,0,0,0.0473
140,0,0,0.0013
141,0,0,1e-04
142,0,0,0.1749
143,0,0,0.0018
144,0,0,0.0002
145,0,0,0.0005
146,0,0,0.0047
147,0,0,0.0008
148,0,0,0.0004
149,0,0,0.0013
150,0,0,0.0009
151,0,0,0.0005
152,0,0,0.0032
153,0,0,0.0006
154,0,0,0.1899
155,0,0,0.0087
156,0,0,0.0844
157,0,0,0.0006
158,0,0,0.0012
159,0,0,0.0004
160,0,0,0.0005
161,0,0,0.0018
162,0,0,0.0037
163,0,0,0.0226
164,0,0,0.0194
165,0,0,0.0009
166,0,0,0.0042
167,0,0,1e-04
168,0,0,1e-04
169,0,0,0.0002
170,0,0,0.1519
171,0,0,0.0102
172,0,0,0.0013
173,0,0,0.0062
174,0,0,0.01
175,0,0,0.0072
176,0,0,0.0004
177,0,0,0.0004
178,0,0,0.0028
179,0,0,0.0005
180,0,0,0.0021
181,0,0,0.0046
182,0,0,0.0008
183,0,0,0.0003
184,0,0,0.0109
185,0,0,0.0002
186,0,0,0.0062
187,0,0,0.0035
188,0,0,0.0003
189,0,0,0.0072
190,0,0,0.0011
191,0,0,0.0024
192,0,0,0.0045
193,0,0,0.013
194,0,0,0.0009
195,0,0,0.0068
196,0,0,0.1396
197,0,0,0.0007
198,0,0,0.0022
199,0,0,0.0328
200,0,0,0.0009
201,0,0,0.1457
202,0,0,0.0025
203,0,0,0.0472
204,0,0,0.0014
205,0,0,0.0036
206,0,0,0.0111
207,0,0,0.0007
208,0,0,0.0123
209,0,0,0.0114
210,0,0,0.0018
211,0,0,0.0006
212,0,0,0.0016
213,0,0,0.007
214,0,0,0.0043
215,0,0,0.0002
216,0,0,0.0048
217,0,0,0.0618
218,0,0,0.0009
219,0,0,0.0007
220,0,0,0.0025
221,0,0,0.0003
222,0,0,0.001
223,0,0,0.0022
224,0,0,0.0002
225,0,0,0.002
226,0,0,0.0002
227,0,0,0.001
228,0,0,0.0014
229,0,0,0.8267
230,0,0,0.0023
231,0,0,0.0007
232,0,0,0.0004
233,0,0,0.0027
234,0,0,0.0025
235,0,0,0.0035
236,0,0,0.0021
237,0,0,0.0019
238,0,0,0.0012
239,0,0,0.0008
240,0,0,0.0002
241,0,0,0.0003
242,0,0,0.0005
243,0,0,0.0009
244,0,0,0.0195
245,0,0,0.0036
246,0,0,0.0017
247,0,0,0.0069
248,0,0,0.0016
249,0,0,0.0003
250,0,0,0.0023
251,0,0,0.0002
252,0,0,1e-04
253,0,0,0.0071
254,1,0,0.1332
255,0,0,0.0234
256,0,0,0.0104
257,0,0,0.0812
258,0,0,0.0028
259,0,0,1e-04
260,1,1,0.9976
261,0,0,0.0017
262,0,0,0.0034
263,0,0,0.1403
264,0,0,0.0003
265,0,0,0.0097
266,0,0,0.0014
267,0,0,0.0104
268,0,0,0.0002
269,0,0,0.2553
270,0,0,0.0005
271,0,0,0.0006
272,0,0,0.0002
273,0,0,0.0003
274,0,0,0.0013
275,0,0,0.0002
276,0,0,0.0002
277,1,1,0.9989
278,0,0,0.1433
279,0,0,0.0011
280,0,0,0.0036
281,0,0,0.0052
282,0,0,0.0038
283,0,0,0.0005
284,0,0,0.0005
285,0,0,0.0034
286,0,0,0.0006
287,0,0,0.0005
288,0,0,0.0011
289,0,0,0.0039
290,0,0,0.0058
291,0,0,0.0004
292,0,0,0.0015
293,0,0,0.0014
294,0,0,1e-04
295,0,0,0.0056
296,0,0,1e-04
297,0,0,1e-04
298,0,0,0.0006
299,0,0,0.0059
300,0,0,0.0008
301,0,0,0.0002
302,0,0,0.0008
303,0,0,0.0014
304,0,0,0.0079
305,0,0,0.0822
306,0,0,0.0004
307,0,0,0.096
308,0,0,0.0022
309,0,0,0.0007
310,0,0,0.002
311,0,0,0.0007
312,0,0,0.0004
313,0,0,0.0003
314,0,0,0.0356
315,0,0,0.005
316,0,0,0.0008
317,0,0,0.0053
318,0,0,0.0217
319,0,0,0.0384
320,0,0,0.0005
321,0,0,0.0701
322,0,0,0.0074
323,0,0,0.0051
324,0,0,0.0058
325,0,0,0.001
326,0,0,0.0014
327,0,0,0.0002
328,0,0,0.0184
329,0,0,0.0006
330,0,0,0.0041
331,0,0,0.0005
332,0,0,0.003
333,0,0,0.0034
334,0,0,0.0002
335,0,0,0.002
336,0,0,0.0007
337,0,0,0.0058
338,0,0,0.0002
339,0,0,0.0004
340,0,0,0.014
341,0,0,0.0042
342,0,0,0.0013
343,0,0,0.0005
344,0,0,0.0003
345,0,0,0.0049
346,1,1,0.9983
347,0,0,0.0016
348,0,0,0.362
349,0,0,0.0005
350,0,0,1e-04
351,0,0,0.0006
352,0,0,0.0012
353,0,0,0.0007
354,0,0,0.0002
355,0,0,1e-04
356,0,0,0.0136
357,0,0,1e-04
358,0,0,0.0002
359,0,0,0.0018
360,1,1,0.9995
361,0,0,0.0628
362,0,0,0.0064
363,0,0,0.0004
364,0,0,0.0013
365,0,0,1e-04
366,0,0,0.0004
367,0,0,0.0188
368,0,0,0.0016
369,0,0,0.0034
370,0,0,0.0115
371,0,0,0.0283
372,0,0,0.0034
373,0,0,0.0017
374,0,0,0.0013
375,0,0,0.0008
376,0,0,0.0002
377,0,0,0.0002
378,0,0,0.0006
379,0,0,0.0014
380,0,0,0.0051
381,0,0,1e-04
382,0,0,0.0005
383,0,0,1e-04
384,0,0,0.0009
385,1,0,0.0823
386,0,0,0.0003
387,0,0,0.0005
388,0,0,0.0006
389,0,0,0.0038
390,0,0,0.0091
391,0,0,0.0005
392,0,0,0.0046
393,0,0,0.0014
394,0,0,0.0012
395,0,0,0.0004
396,0,0,0.0026
397,0,0,0.037
398,0,0,0.0003
399,0,0,0.0025
400,0,0,0.0017
401,0,0,0.0186
402,0,0,0.017
403,0,0,0.0003
404,0,0,0.0652
405,0,0,0.0014
406,0,0,0.0029
407,0,0,1e-04
408,0,0,0.0038
409,0,0,0.0006
410,0,0,0.0193
411,0,0,0.0054
412,0,0,0.0005
413,0,0,0.0021
414,0,0,0.0101
415,0,0,0.0015
416,0,0,0.0006
417,0,0,0.3646
418,0,0,0.0019
419,0,0,0.0004
420,0,0,0.0004
421,0,0,0.0003
422,0,0,0.0005
423,0,0,0.0006
424,0,0,0.0004
425,0,0,0.0003
426,0,0,0.0003
427,0,0,0.0006
428,0,0,0.0003
429,0,0,0.0005
430,0,0,0.0006
431,0,0,0.0003
432,0,0,0.0003
433,0,0,0.0002
434,0,0,0.001
435,0,0,0.0005
436,0,0,0.0012
437,0,0,0.0006
438,0,0,0.0007
439,0,0,0.0004
440,0,0,0.0003
441,0,0,0.0005
442,0,0,0.0006
443,0,0,0.0003
444,0,0,0.0003
445,0,0,0.0004
446,0,0,0.0005
447,0,0,0.0002
448,0,0,0.0004
449,0,0,1e-04
450,0,0,0.0006
451,0,0,0.0005
452,0,0,0.0002
453,0,0,0.0002
454,0,0,0.0003
455,0,0,1e-04
456,0,0,0.0005
457,0,0,0.0004
458,0,0,0.0004
459,0,0,0.0003
460,0,0,0.0003
461,0,0,0.0006
462,0,0,0.0002
463,0,0,0.0003
464,0,0,0.0003
465,0,0,0.0005
466,0,0,0.0002
467,0,0,0.0003
468,0,0,0.0005
469,0,0,0.0003
470,0,0,0.0002
471,0,0,0.0005
472,0,0,1e-04
473,0,0,0.0003
474,0,0,0.0002
475,0,0,0.0003
476,0,0,0.0005
477,0,0,0.0006
478,0,0,0.0006
479,0,0,0.0008
480,0,0,0.0009
481,0,0,0.0006
482,0,0,0.0003
483,0,0,0.0003
484,0,0,0.0007
485,0,0,0.0006
486,0,0,0.0005
487,0,0,0.0003
488,0,0,0.0007
489,0,0,0.0003
490,0,0,0.0005
491,0,0,0.0003
492,0,0,0.0004
493,0,0,0.0004
494,0,0,0.0004
495,0,0,0.0003
496,0,0,0.0009
497,0,0,0.0002
498,0,0,0.0005
499,0,0,0.0002
500,0,0,0.0003
501,0,0,0.0003
502,0,0,0.0004
503,0,0,0.0002
504,0,0,0.0008
505,0,0,0.0005
506,0,0,0.0002
507,0,0,0.0003
508,0,0,1e-04
509,0,0,0.0005
510,0,0,0.0005
511,0,0,0.0004
512,0,0,0.0004
513,0,0,0.0002
514,0,0,0.0003
515,0,0,0.0003
516,0,0,0.0004
517,0,0,0.0004
518,0,0,0.0006
519,0,0,0.0003
520,0,0,0.0005
521,0,0,0.0007
522,0,0,0.0002
523,0,0,0.0003
524,0,0,0.0002
525,0,0,0.0005
526,0,0,0.0006
527,0,0,0.0004
528,0,0,0.0004
529,0,0,0.0004
530,0,0,1e-04
531,0,0,0.0005
532,0,0,0.0004
533,0,0,0.0002
534,0,0,0.0002
535,0,0,0.0003
536,0,0,0.0003
537,0,0,0.0008
538,0,0,0.0003
539,0,0,0.0003
540,0,0,0.0006
541,0,0,0.0006
542,0,0,0.0004
543,0,0,0.0003
544,0,0,0.0003
545,0,0,0.0002
546,0,0,0.0004
547,0,0,0.0003
548,0,0,0.0002
549,0,0,0.0002
550,0,0,0.0003
551,0,0,0.0002
552,0,0,0.0003
553,0,0,0.0005
554,0,0,0.0003
555,0,0,0.0003
556,0,0,0.0006
557,0,0,0.0007
558,0,0,0.0003
559,0,0,0.0005
560,0,0,0.0002
561,0,0,0.0003
562,0,0,0.0005
563,0,0,0.0005
564,0,0,0.0002
565,0,0,0.0006
566,0,0,0.0003
567,0,0,0.0006
568,0,0,0.0007
569,0,0,0.0006
570,0,0,0.0005
571,0,0,0.0002
572,0,0,0.0007
573,0,0,0.0007
574,0,0,0.0004
575,0,0,0.0003
576,0,0,0.0003
577,0,0,0.0005
578,0,0,0.0005
579,0,0,0.0002
580,0,0,0.0002
581,0,0,0.0004
582,0,0,1e-04
583,0,0,0.0007
584,0,0,0.0007
585,0,0,0.0006
586,0,0,0.0003
587,0,0,0.0004
588,0,0,0.0006
589,0,0,0.0002
590,0,0,0.0003
591,0,0,0.0005
592,0,0,0.0002
593,0,0,1e-04
594,0,0,0.0006
595,0,0,0.0005
596,0,0,0.0005
597,0,0,0.0006
598,0,0,0.0004
599,0,0,0.0005
600,0,0,0.0004
601,0,0,0.0007
602,0,0,0.0004
603,0,0,0.0004
604,0,0,0.0004
605,0,0,0.0006
606,0,0,0.0003
607,0,0,0.0005
608,0,0,0.0003
609,0,0,0.0006
610,0,0,0.0005
611,0,0,0.0003
612,0,0,0.0003
613,0,0,0.0004
614,0,0,0.0008
615,0,0,0.0002
616,0,0,0.0006
617,0,0,0.0002
618,0,0,0.0002
619,0,0,0.0002
620,0,0,0.0002
621,0,0,0.0005
622,0,0,1e-04
623,0,0,0.0003
624,0,0,0.0003
625,0,0,0.0007
626,0,0,0.0003
627,0,0,0.0005
628,0,0,0.0005
629,0,0,0.0004
630,0,0,0.0005
631,0,0,0.0002
632,0,0,0.0004
633,0,0,0.0003
634,0,0,0.0003
635,0,0,0.0005
636,0,0,0.0003
637,0,0,0.0004
638,0,0,1e-04
639,0,0,0.0005
640,0,0,0.0003
641,0,0,0.0004
642,0,0,0.0002
643,0,0,0.0007
644,0,0,0.0003
645,0,0,0.0003
646,0,0,0.0005
647,0,0,0.0003
648,0,0,0.0004
649,0,0,0.0009
650,0,0,0.0003
651,0,0,0.0002
652,0,0,0.0005
653,0,0,0.0007
654,0,0,0.0003
655,0,0,0.0004
656,0,0,0.0004
657,0,0,0.0005
658,0,0,0.0004
659,0,0,0.0002
660,0,0,0.0007
661,0,0,0.0007
662,0,0,0.0005
663,0,0,0.0003
664,0,0,0.0005
665,0,0,0.0004
666,0,0,0.0005
667,0,0,0.0002
668,0,0,0.0008
669,0,0,0.0005
670,0,0,0.0006
671,0,0,0.0005
672,0,0,0.0008
673,0,0,0.0002
674,0,0,0.0009
675,0,0,0.0005
676,0,0,0.0004
677,0,0,0.0003
678,0,0,0.0005
679,0,0,0.0003
680,0,0,0.0003
681,0,0,0.0005
682,0,0,0.0003
683,0,0,0.0003
684,0,0,0.0002
685,0,0,0.0005
686,0,0,0.0007
687,0,0,0.0002
688,0,0,0.0003
689,0,0,1e-04
690,0,0,0.0007
691,0,0,0.0003
692,0,0,0.0003
693,0,0,0.0006
694,0,0,0.0006
695,0,0,0.0004
696,0,0,0.0003
697,0,0,0.0003
698,0,0,0.0003
699,0,0,0.0003
700,0,0,0.0002
701,0,0,0.0002
702,0,0,0.0005
703,0,0,0.0002
704,0,0,0.0003
705,0,0,0.0004
706,0,0,0.0004
707,0,0,0.0002
708,0,0,0.0004
709,0,0,0.0002
710,0,0,0.0006
711,0,0,0.0002
712,0,0,0.0002
713,0,0,0.0006
714,0,0,0.0003
715,0,0,0.0003
716,0,0,0.0007
717,0,0,0.0002
718,0,0,0.0003
719,0,0,0.0002
720,0,0,0.0004
721,0,0,0.0003
722,0,0,0.0004
723,0,0,0.0003
724,0,0,0.0003
725,0,0,0.0002
726,0,0,0.0006
727,0,0,0.0002
728,0,0,0.0004
729,0,0,0.0005
730,0,0,0.0003
731,0,0,0.0003
732,0,0,0.0004
733,0,0,0.0002
734,0,0,0.0003
735,0,0,0.0003
736,0,0,0.0003
737,0,0,0.0006
738,0,0,1e-04
739,0,0,0.0004
740,0,0,0.0005
741,0,0,0.0002
742,0,0,0.0002
743,0,0,0.0007
744,0,0,0.0005
745,0,0,0.0005
746,0,0,0.0002
747,0,0,0.0005
748,0,0,0.0005
749,0,0,0.0003
750,0,0,0.0002
751,0,0,0.0005
752,0,0,0.0005
753,0,0,0.0002
754,0,0,0.0005
755,0,0,0.0004
756,0,0,0.0004
757,0,0,0.0003
758,0,0,0.0004
759,0,0,0.0004
760,0,0,0.0002
761,0,0,0.0004
762,0,0,1e-04
763,0,0,0.0004
764,0,0,0.0005
765,0,0,0.0004
766,0,0,0.0005
767,0,0,0.0002
768,0,0,0.0006
769,0,0,0.0005
770,0,0,0.0002
771,0,0,0.0007
772,0,0,0.0002
773,0,0,0.0003
774,0,0,0.0003
775,0,0,0.0003
776,0,0,0.0005
777,0,0,0.0004
778,0,0,0.0003
779,0,0,0.0005
780,0,0,1e-04
781,0,0,0.0004
782,0,0,0.0003
783,0,0,0.0002
784,0,0,0.0003
785,0,0,0.0003
786,0,0,0.0005
787,0,0,0.0004
788,0,0,0.0006
789,0,0,0.0006
790,0,0,0.0005
791,0,0,0.0003
792,0,0,0.0006
793,0,0,0.0005
794,0,0,0.0002
795,0,0,0.0007
796,0,0,0.0003
797,0,0,0.0003
798,0,0,0.0003
799,0,0,0.0005
800,0,0,0.0005
801,0,0,0.0002
802,0,0,0.0004
803,0,0,0.0006
804,0,0,0.0004
805,0,0,0.0002
806,0,0,0.0003
807,0,0,0.0002
808,0,0,0.0004
809,0,0,0.0004
810,0,0,0.0005
811,0,0,0.0004
812,0,0,0.0002
813,0,0,0.1023
814,0,0,0.0002
815,0,0,0.0006
816,0,0,0.0003
817,0,0,0.001
818,0,0,0.0002
819,0,0,0.0007
820,0,0,0.2001
821,0,0,0.0002
822,0,0,0.0636
823,0,0,0.0122
824,0,0,0.0272
825,0,0,0.1747
826,0,0,1e-04
827,0,0,0.0002
828,0,0,1e-04
829,0,0,0.4501
830,0,0,0.0093
831,0,0,0.0076
832,0,0,0.001
833,0,0,0.0021
834,0,0,0.279
835,0,0,1e-04
836,0,0,0.0002
837,0,0,0.0091
838,0,0,0.0272
839,0,0,0.0003
840,0,0,1e-04
841,0,0,0.2835
842,0,0,0.0098
843,0,0,0.0015
844,0,0,0.0002
845,0,0,0.0003
846,0,0,1e-04
847,0,0,0.1021
848,0,0,0.0002
849,0,0,1e-04
850,0,0,0.0002
851,0,0,0.0002
852,0,0,0.0335
853,0,0,0.1023
854,0,0,0.0003
855,0,0,1e-04
856,0,0,1e-04
857,0,0,0.0002
858,0,0,0.0002
859,0,0,0.0181
860,0,0,0.0003
861,0,0,1e-04
862,0,0,0.0005
863,0,0,0.0003
864,0,0,0.0002
865,0,0,0.0014
866,0,1,0.9429
867,0,0,0.0002
868,0,0,0.0002
869,0,0,0.0142
870,0,0,0.0009
871,0,0,1e-04
872,0,0,0.0005
873,0,0,0.0002
874,0,0,0.0002
875,0,0,0.0067
876,0,0,0.0002
877,0,0,1e-04
878,0,0,0.0276
879,0,0,0.0054
880,0,0,0.0003
881,0,0,1e-04
882,0,0,0.0008
883,0,0,0.0051
884,0,0,0.0002
885,0,0,0.0069
886,0,0,0.0025
887,0,0,0.0002
888,0,0,1e-04
889,0,0,0.0022
890,0,0,0.0009
891,0,0,0.0098
892,0,0,0.0008
893,0,0,0.0002
894,0,0,0.0022
895,0,0,0.1824
896,0,0,0.0004
897,0,0,0.0016
898,0,0,0.0002
899,0,0,0.0003
900,0,0,0.5982
901,0,0,0.0128
902,0,0,0.0004
903,0,0,0.0003
904,0,0,0.0008
905,1,1,0.975
906,0,0,0.0038
907,0,0,0.0142
908,0,0,1e-04
909,0,0,0.0002
910,0,0,0.002
911,1,1,0.9165
912,0,0,0.0009
913,0,0,0.0002
914,0,0,0.0027
915,0,0,0.0003
916,0,0,0.0008
917,0,0,0.0002
918,0,0,0.001
919,0,0,0.0004
920,0,0,0.0084
921,0,0,0.0015
922,0,0,0.0019
923,0,0,0.0013
924,0,0,0.5472
925,0,0,0.0133
926,0,0,0.0002
927,0,0,0.0014
928,0,0,0.0013
929,0,0,0.001
930,0,0,0.0003
931,0,0,0.0005
932,0,0,1e-04
933,0,0,0.0015
934,0,0,0.0003
935,0,0,0.0006
936,0,0,0.0003
937,0,0,0.0004
938,0,0,0.0003
939,0,0,0.0003
940,1,1,0.9579
941,0,0,0.0004
942,0,0,0.0246
943,0,0,0.0519
944,0,0,0.0117
945,0,0,0.0089
946,0,0,0.0022
947,0,0,0.0138
948,0,0,0.0103
949,0,0,0.0003
950,0,0,0.0567
951,0,0,0.005
952,0,0,0.0035
953,0,0,0.0004
954,0,0,0.0053
955,0,0,0.0034
956,0,0,0.0098
957,0,0,0.0273
958,1,1,0.9901
959,0,0,0.0007
960,0,0,0.1854
961,0,0,0.0003
962,0,0,0.0002
963,0,0,0.0006
964,0,0,1e-04
965,0,0,0.0004
966,0,0,0.002
967,0,0,0.0565
968,0,0,0.0002
969,0,0,1e-04
970,0,0,0.1033
971,0,0,1e-04
972,0,0,0.0003
973,0,0,1e-04
974,0,0,0.0082
975,0,0,0.0015
976,0,0,0.0009
977,0,0,0.0011
978,0,0,0.0003
979,0,0,0.0016
980,0,0,0.0788
981,0,0,0.3801
982,0,0,0.0003
983,0,0,0.0031
984,0,0,0.0004
985,0,0,0.2454
986,0,0,0.0002
987,0,0,0.0012
988,0,0,0.0109
989,0,0,0.1492
990,0,0,0.0164
991,0,0,1e-04
992,0,1,0.9535
993,0,0,0.1262
994,0,0,0.0325
995,0,0,0.1284
996,0,0,0.0002
997,0,0,0.0084
998,0,0,0.0012
999,1,1,0.9912
1000,0,0,0.0008
1001,0,0,0.0002
1002,0,0,0.0003
1003,0,0,0.0021
1004,0,0,0.0004
1005,0,0,0.0004
1006,1,0,0.1483
1007,0,0,0.0004
1008,0,0,0.0002
1009,0,0,0.0006
1010,0,0,0.0002
1011,1,1,0.9992
1012,0,0,0.0009
1013,0,0,1e-04
1014,0,0,0.0334
1015,0,0,0.0003
1016,0,0,0.0006
1017,0,0,0.0003
1018,0,0,0.0536
1019,0,0,0.0002
1020,0,0,0.0065
1021,0,0,1e-04
1022,0,0,0.0002
1023,0,0,0.0002
1024,0,0,0.0007
1025,0,0,0.0015
1026,0,0,0.0004
1027,0,0,0.0002
1028,0,0,0.0003
1029,1,1,0.9847
1030,0,0,0.0002
1031,0,0,0.0002
1032,0,0,0.0002
1033,0,0,0.0037
1034,0,0,0.0002
1035,0,0,0.0003
1036,0,0,0.0002
1037,0,0,0.0002
1038,0,0,0.0226
1039,1,1,0.9952
1040,0,0,0.0013
1041,0,0,0.4581
1042,0,0,0.1106
1043,0,0,0.0017
1044,0,0,0.0003
1045,0,0,0.0002
1046,0,0,0.8093
1047,0,0,0.0004
1048,0,0,0.0003
1049,0,0,1e-04
1050,0,0,0.0005
1051,0,0,1e-04
1052,0,0,0.0044
1053,0,0,0.0006
1054,0,0,0.0004
1055,1,1,0.9991
1056,0,0,0.1496
1057,0,0,1e-04
1058,0,0,0.0009
1059,0,0,0.0004
1060,0,0,0.0002
1061,0,0,0.0051
1062,0,0,0.0002
1063,0,0,0.0002
1064,0,0,0.0022
1065,0,0,0.0002
1066,0,0,0.0004
1067,0,0,0.0088
1068,0,0,1e-04
1069,0,0,1e-04
1070,0,0,0.0002
1071,0,0,1e-04
1072,0,0,0.0003
1073,0,0,0.0002
1074,0,0,0.0012
1075,0,0,0.0003
1076,0,0,0.003
1077,0,0,0.0002
1078,0,0,0.0004
1079,0,0,0.0002
1080,0,0,0.0003
1081,0,0,0.0028
1082,0,0,0.0846
1083,0,0,0.0006
1084,0,0,0.0465
1085,0,0,0.0002
1086,0,0,1e-04
1087,0,0,0.0002
1088,0,0,0.0041
1089,0,0,0.0002
1090,0,0,0.0028
1091,0,0,0.0003
1092,0,0,0.0004
1093,0,0,0.0018
1094,0,0,0.0017
1095,0,0,0.0192
1096,0,0,0.0012
1097,0,0,0.0013
1098,0,0,0.0265
1099,0,0,0.0011
1100,0,0,0.0009
1101,0,0,1e-04
1102,0,0,0.0006
1103,0,0,0.0003
1104,0,0,0.0004
1105,0,0,0.0034
1106,0,0,1e-04
1107,0,0,0.0042
1108,0,0,0.0004
1109,0,0,0.0002
1110,1,1,0.9987
1111,0,0,0.0002
1112,0,0,0.2878
1113,0,0,0.0812
1114,0,0,0.0017
1115,0,0,0.7849
1116,0,0,0.5576
1117,0,0,1e-04
1118,0,0,0.0002
1119,0,0,0.0007
1120,0,0,0.0015
1121,0,0,0.001
1122,0,0,0.0009
1123,0,0,1e-04
1124,0,0,0.0004
1125,0,0,0.0159
1126,0,0,0.0249
1127,0,0,0.002
1128,0,0,0.0002
1129,0,0,0.0002
1130,0,0,1e-04
1131,0,0,0.0003
1132,0,0,0.0003
1133,0,0,0.0813
1134,0,0,0.0003
1135,0,0,0.0006
1136,0,0,0.0019
1137,0,0,0.0031
1138,0,0,0.0433
1139,0,0,0.0012
1140,0,0,0.0003
1141,0,0,0.0004
1142,0,0,0.026
1143,0,0,0.0009
1144,0,0,0.1586
1145,0,0,0.0068
1146,0,0,0.0062
1147,0,0,0.0002
1148,0,0,0.0005
1149,0,0,0.0034
1150,0,0,0.009
1151,0,0,0.0637
1152,0,0,0.0004
1153,0,0,0.1326
1154,0,0,0.0002
1155,0,0,0.0018
1156,0,0,0.0002
1157,0,0,1e-04
1158,0,0,0.7778
1159,0,0,0.0003
1160,0,0,0.0003
1161,0,0,0.0002
1162,0,0,0.0003
1163,0,0,0.0829
1164,0,0,0.0005
1165,0,0,0.085
1166,0,0,0.0004
1167,0,0,0.0002
1168,0,0,0.1861
1169,0,0,0.0002
1170,0,0,0.0002
1171,0,0,0.2709
1172,0,0,0.0006
1173,0,0,1e-04
1174,0,0,0.04
1175,0,0,1e-04
1176,0,0,0.0007
1177,0,0,0.0002
1178,0,0,0.0073
1179,0,0,0.0017
1180,0,0,0.4625
1181,0,0,0.0034
1182,1,0,0.8325
1183,0,0,0.0036
1184,0,0,0.0003
1185,0,0,1e-04
1186,0,0,0.002
1187,0,0,0.0003
1188,0,0,0.0003
1189,0,0,0.0053
1190,0,0,0.147
1191,0,0,0.0015
1192,0,0,0.0002
1193,0,0,0.0044
1194,1,1,0.9744
1195,0,0,1e-04
1196,0,0,0.0039
1197,0,0,0.0002
1198,0,0,0.0002
1199,0,0,0.7823
1200,0,0,0.2426
1201,0,0,0.0002
1202,0,0,0.0009
1203,0,0,1e-04
1204,0,0,0.0003
1205,0,0,0.0004
1206,0,0,0.0004
1207,0,0,0.0004
1208,0,0,0.0015
1209,0,0,0.1147
1210,0,0,0.1474
1211,0,0,0.0002
1212,0,0,0.0032
1213,0,0,0.0002
1214,0,0,0.0092
1215,0,0,1e-04
1216,0,0,0.0057
1217,0,0,0.0016
1218,0,0,0.0013
1219,0,0,0.0006
1220,0,0,0.0051
1221,0,0,0.0002
1222,0,0,0.0108
1223,0,0,0.0003
1224,0,0,0.0014
1225,0,0,0.0002
1226,0,0,0.0043
1227,0,0,0.0014
1228,0,0,0.0002
1229,0,0,1e-04
1230,0,0,0.0005
1231,0,0,0.0006
1232,0,0,0.0022
1233,0,0,0.0007
1234,1,0,0.241
1235,0,0,0.001
1236,0,0,0.0002
1237,0,0,0.0049
1238,0,0,0.7462
1239,0,0,0.0003
1240,0,0,1e-04
1241,0,0,0.332
1242,0,0,0.0785
1243,0,0,0.0003
1244,0,0,0.0024
1245,0,0,1e-04
1246,0,0,0.0002
1247,0,0,0.0003
1248,0,0,0.0018
1249,0,0,0.0046
1250,0,0,0.0011
1251,0,0,1e-04
1252,0,0,0.0051
1253,0,0,0.0004
1254,0,0,0.055
1255,0,0,0.0004
1256,0,0,0.0002
1257,0,0,0.0034
1258,0,0,0.0702
1259,0,0,0.0038
1260,0,0,0.0004
1261,0,0,0.0157
1262,0,0,0.1198
1263,0,0,0.0003
1264,0,0,0.0005
1265,0,0,0.0003
1266,0,0,0.0086
1267,0,0,0.0005
1268,0,0,0.6619
1269,0,0,0.0004
1270,0,0,0.001
1271,0,0,0.0002
1272,0,0,1e-04
1273,0,0,0.0219
1274,0,0,0.0002
1275,0,0,0.0069
1276,0,0,1e-04
1277,0,0,1e-04
1278,0,0,0.04
1279,0,0,0.0002
1280,0,0,0.0002
1281,0,0,1e-04
1282,1,1,0.9985
1283,0,0,0.0005
1284,0,0,0.0005
1285,0,0,0.0098
1286,0,0,1e-04
1287,0,0,0.0059
1288,0,0,0.0002
1289,0,0,0.0002
1290,0,0,0.0157
1291,0,0,0.0185
1292,0,0,1e-04
1293,0,0,0.0018
1294,0,0,0.0002
1295,1,0,0.0035
1296,0,0,0.0125
1297,0,0,0.0053
1298,0,0,0.0002
1299,0,0,0.0006
1300,0,0,0.0348
1301,0,0,0.0004
1302,0,0,0.0002
1303,0,0,0.0002
1304,0,0,0.0054
1305,0,0,0.0042
1306,0,0,1e-04
1307,0,0,0.0043
1308,0,0,1e-04
1309,0,0,0.0002
1310,0,0,0.4224
1311,0,0,0.0008
1312,0,0,0.0004
1313,0,0,0.0053
1314,0,0,0.0009
1315,0,0,0.1278
1316,0,0,0.0005
1317,0,0,0.0002
1318,0,0,0.0084
1319,0,0,0.0008
1320,0,0,0.0002
1321,0,0,0.0322
1322,0,0,0.0003
1323,0,0,0.0004
1324,0,0,0.0008
1325,0,0,1e-04
1326,0,0,0.0004
1327,1,1,0.9975
1328,0,0,0.0003
1329,0,0,0.0247
1330,0,0,0.0013
1331,0,0,0.0689
1332,0,0,0.0002
1333,0,0,0.0003
1334,1,0,0.6709
1335,0,0,0.0022
1336,0,0,0.0122
1337,0,0,0.1341
1338,0,0,0.2382
1339,0,0,1e-04
1340,0,0,0.0004
1341,0,0,0.0003
1342,0,0,0.0003
1343,0,0,1e-04
1344,0,0,0.0002
1345,0,0,1e-04
1346,0,0,0.0007
1347,0,0,0.0003
1348,0,0,0.0092
1349,0,0,0.0028
1350,0,0,0.0004
1351,0,0,0.001
1352,0,0,0.0006
1353,0,0,0.0008
1354,0,0,0.0016
1355,0,0,0.0065
1356,0,0,0.003
1357,0,0,0.011
1358,0,0,0.0004
1359,0,0,0.3777
1360,0,0,0.0233
1361,0,0,0.002
1362,0,0,0.0034
1363,0,0,0.0002
1364,0,0,0.0002
1365,0,0,0.0124
1366,0,0,0.0004
1367,0,0,0.0183
1368,0,0,0.0004
1369,0,0,0.0082
1370,0,0,0.0003
1371,0,0,0.002
1372,0,0,0.0023
1373,0,0,0.0008
1374,0,0,0.0002
1375,1,1,0.9968
1376,0,0,0.0002
1377,0,0,0.0779
1378,0,0,0.0025
1379,0,0,0.002
1380,0,0,0.0015
1381,0,0,0.0003
1382,0,0,0.0005
1383,0,0,0.0003
1384,1,0,0.2003
1385,0,0,0.0002
1386,0,0,0.0016
1387,0,0,0.0139
1388,0,0,0.0004
1389,0,0,0.0044
1390,0,0,0.0483
1391,0,0,0.01
1392,0,0,0.0002
1393,0,0,0.7186
1394,0,0,1e-04
1395,0,0,0.0002
1396,0,0,0.0002
1397,0,0,0.0248
1398,0,0,0.1269
1399,0,0,0.0004
1400,0,0,0.1228
1401,0,0,0.717
1402,0,0,0.1136
1403,0,0,0.0055
1404,0,0,0.0074
1405,0,0,0.0196
1406,0,0,0.0881
1407,0,0,1e-04
1408,0,0,0.0002
1409,0,0,0.0103
1410,0,0,0.0002
1411,0,0,0.0003
1412,0,0,0.0003
1413,0,0,0.0065
1414,0,0,0.0002
1415,0,0,0.0031
1416,0,0,0.0149
1417,0,0,0.0031
1418,0,0,0.0119
1419,0,0,0.0005
1420,0,0,0.0002
1421,0,0,0.0361
1422,0,0,0.1986
1423,0,0,0.0002
1424,0,0,0.0003
1425,0,0,0.0004
1426,0,0,0.0005
1427,0,0,0.0018
1428,0,0,0.0002
1429,0,0,1e-04
1430,0,0,0.0003
1431,0,0,0.0382
1432,0,0,0.0004
1433,0,0,0.0002
1434,0,0,0.0177
1435,0,0,0.0364
1436,0,0,0.0015
1437,0,0,1e-04
1438,0,0,0.0003
1439,0,0,0.0467
1440,0,0,0.0002
1441,0,0,0.0002
1442,0,0,0.0002
1443,0,0,0.0003
1444,0,0,0.5843
1445,0,0,0.0005
1446,0,0,0.0191
1447,0,0,0.0002
1448,0,0,0.0002
1449,0,0,0.022
1450,0,0,0.0044
1451,0,0,0.0002
1452,0,0,0.0747
1453,0,0,0.0005
1454,0,0,0.0014
1455,0,0,0.0096
1456,0,0,1e-04
1457,0,0,0.0005
1458,0,0,0.004
1459,0,0,0.0002
1460,0,0,0.0005
1461,0,0,0.0002
1462,0,0,1e-04
1463,0,0,0.0003
1464,0,0,0.0003
1465,0,0,0.0057
1466,0,0,0.0037
1467,0,0,0.001
1468,0,0,0.0002
1469,0,0,0.0082
1470,0,0,0.0005
1471,0,0,0.0004
1472,0,0,1e-04
1473,0,0,0.0036
1474,0,0,0.0002
1475,0,0,0.0014
1476,0,0,0.0051
1477,0,0,0.0002
1478,0,0,0.0018
1479,0,0,0.0112
1480,0,0,0.0003
1481,0,0,0.0003
1482,0,0,0.0282
1483,0,0,0.001
1484,0,1,0.9615
1485,0,0,0.0005
1486,0,0,0.0002
1487,0,0,0.0003
1488,0,0,0.0003
1489,0,0,0.0002
1490,0,0,0.002
1491,0,0,0.2217
1492,0,0,1e-04
1493,0,0,1e-04
1494,0,0,0.0019
1495,0,0,0.009
1496,0,0,0.0014
1497,0,0,0.0002
1498,0,0,0.2337
1499,0,0,0.0042
1500,0,0,1e-04
1501,0,0,0.0003
1502,0,0,0.007
1503,0,0,0.0011
1504,0,0,0.0015
1505,0,0,0.0002
1506,0,0,0.0158
1507,0,0,0.0615
1508,0,0,0.0003
1509,0,0,0.0037
1510,0,0,0.0119
1511,0,0,0.0
1512,0,0,0.0002
1513,0,0,0.0067
1514,0,0,0.0414
1515,0,0,1e-04
1516,0,0,0.0044
1517,0,0,0.0003
1518,0,0,0.0006
1519,0,0,0.0008
1520,0,0,0.0003
1521,0,0,0.5677
1522,0,0,0.0002
1523,1,1,0.9993
1524,0,0,0.0034
1525,0,0,0.0049
1526,0,0,0.0029
1527,0,0,0.0003
1528,0,0,0.2692
1529,0,0,0.0009
1530,0,0,0.0002
1531,0,0,0.0003
1532,0,0,0.0002
1533,0,0,0.0004
1534,1,0,0.0004
1535,0,0,0.0022
1536,1,0,0.7892
1537,0,0,0.0035
1538,0,0,0.0002
1539,0,0,0.0016
1540,0,0,0.0293
1541,0,0,0.0024
1542,0,0,0.0002
1543,0,0,0.0013
1544,0,0,0.0002
1545,0,0,0.0003
1546,0,0,0.0197
1547,0,0,0.0002
1548,0,0,0.0002
1549,0,0,0.0693
1550,0,0,0.0095
1551,0,0,0.0008
1552,0,0,0.0002
1553,0,0,0.0003
1554,0,0,0.0003
1555,0,0,0.0045
1556,0,0,0.0002
1557,0,0,0.0004
1558,0,0,0.0066
1559,0,0,0.0003
1560,0,0,0.0101
1561,0,0,1e-04
1562,0,0,0.004
1563,0,0,0.0002
1564,0,0,0.0802
1565,0,0,0.0005
1566,0,0,0.0
1567,0,0,0.0002
1568,0,0,0.0038
1569,0,0,0.0003
1570,0,0,0.0009
1571,0,0,0.0003
1572,0,0,0.086
1573,0,0,0.0027
1574,0,0,0.0005
1575,0,0,0.0002
1576,0,0,1e-04
1577,0,0,1e-04
1578,0,0,1e-04
1579,0,0,1e-04
1580,0,0,0.2949
1581,0,0,0.3154
1582,0,0,0.003
1583,0,0,0.001
1584,0,0,0.0003
1585,0,0,1e-04
1586,0,0,0.0002
1587,0,0,0.0002
1588,0,0,0.0086
1589,1,1,0.9987
1590,0,0,0.0002
1591,0,0,0.1809
1592,0,0,1e-04
1593,0,0,0.0005
1594,0,0,0.0002
1595,0,0,0.0024
1596,0,0,0.0003
1597,0,0,0.0002
1598,0,0,0.0129
1599,0,0,0.0004
1600,0,0,0.0007
1601,0,0,1e-04
1602,0,0,0.0099
1603,0,0,0.01
1604,0,0,1e-04
1605,0,0,0.0003
1606,0,0,0.0236
1607,0,0,0.0003
1608,0,0,1e-04
1609,0,0,0.0046
1610,0,0,0.0733
1611,0,0,0.0042
1612,0,0,0.0002
1613,0,0,0.0098
1614,0,0,0.0002
1615,0,0,0.0025
1616,0,0,0.0067
1617,0,0,0.0002
1618,0,0,0.0024
1619,0,0,1e-04
1620,0,0,0.0013
1621,0,0,0.0003
1622,0,0,0.0004
1623,0,0,1e-04
1624,0,0,0.0002
1625,0,0,0.0003
1626,0,0,0.0004
1627,0,0,0.0014
1628,0,0,0.0026
1629,0,0,0.0011
1630,0,0,0.0274
1631,0,0,1e-04
1632,0,0,0.0015
1633,0,0,0.0002
1634,0,0,0.0003
1635,0,0,0.003
1636,0,0,1e-04
1637,0,0,0.0002
1638,0,0,0.001
1639,0,0,1e-04
1640,0,0,1e-04
1641,0,0,0.0003
1642,0,0,0.0342
1643,0,0,0.0002
1644,0,0,0.0003
1645,0,0,0.0004
1646,0,0,0.0004
1647,0,0,1e-04
1648,0,0,0.0003
1649,0,0,0.0002
1650,0,0,0.0126
1651,0,0,0.0667
1652,0,0,0.0242
1653,0,0,0.0004
1654,0,0,1e-04
1655,0,0,0.0072
1656,0,0,0.2022
1657,0,0,0.617
1658,0,0,0.0002
1659,0,0,0.0003
1660,0,0,0.0024
1661,0,0,0.0002
1662,0,0,0.0002
1663,0,0,0.0002
1664,0,0,0.0005
1665,0,0,0.0004
1666,0,0,0.0002
1667,0,0,0.0003
1668,0,0,0.0004
1669,0,0,0.0002
1670,0,0,0.0005
1671,0,0,0.0007
1672,0,0,0.0003
1673,0,0,0.0004
1674,0,0,0.0003
1675,0,0,0.0002
1676,0,0,0.0004
1677,0,0,0.0004
1678,0,0,1e-04
1679,0,0,0.0003
1680,0,0,0.0004
1681,0,0,0.0005
1682,0,0,0.0003
1683,0,0,0.0005
1684,0,0,1e-04
1685,0,0,1e-04
1686,0,0,0.0002
1687,0,0,0.0004
1688,0,0,0.0002
1689,0,0,0.0004
1690,0,0,1e-04
1691,0,0,1e-04
1692,0,0,0.0003
1693,0,0,0.0003
1694,0,0,0.0007
1695,0,0,0.0004
1696,0,0,0.0003
1697,0,0,1e-04
1698,0,0,0.0002
1699,0,0,0.0002
1700,0,0,0.0002
1701,0,0,1e-04
1702,0,0,0.0003
1703,0,0,0.0003
1704,0,0,0.0004
1705,0,0,0.0004
1706,0,0,0.0003
1707,0,0,0.0003
1708,0,0,0.0002
1709,0,0,0.0004
1710,0,0,0.0005
1711,0,0,0.0002
1712,0,0,0.0004
1713,0,0,0.0002
1714,0,0,0.0003
1715,0,0,0.0006
1716,0,0,0.0008
1717,0,0,0.0006
1718,0,0,0.0005
1719,0,0,0.0007
1720,0,0,0.0003
1721,0,0,0.0002
1722,0,0,0.0002
1723,0,0,0.0004
1724,0,0,0.0002
1725,0,0,1e-04
1726,0,0,0.0003
1727,0,0,0.0004
1728,0,0,0.0003
1729,0,0,0.0002
1730,0,0,0.0003
1731,0,0,0.0003
1732,0,0,0.0003
1733,0,0,0.0002
1734,0,0,0.0004
1735,0,0,0.0002
1736,0,0,0.0003
1737,0,0,0.0002
1738,0,0,1e-04
1739,0,0,1e-04
1740,0,0,1e-04
1741,0,0,0.0005
1742,0,0,0.0004
1743,0,0,1e-04
1744,0,0,0.0007
1745,0,0,1e-04
1746,0,0,0.0007
1747,0,0,0.0002
1748,0,0,0.0002
1749,0,0,0.0005
1750,0,0,0.0004
1751,0,0,0.0005
1752,0,0,0.0003
1753,0,0,0.0004
1754,0,0,0.0007
1755,0,0,0.0004
1756,0,0,0.0002
1757,0,0,1e-04
1758,0,0,1e-04
1759,0,0,1e-04
1760,0,0,1e-04
1761,0,0,0.0004
1762,0,0,0.0002
1763,0,0,0.0002
1764,0,0,0.0003
1765,0,0,1e-04
1766,0,0,0.0005
1767,0,0,0.0007
1768,0,0,0.0002
1769,0,0,0.0006
1770,0,0,0.0002
1771,0,0,0.0004
1772,0,0,0.0002
1773,0,0,0.0003
1774,0,0,0.0006
1775,0,0,1e-04
1776,0,0,0.0002
1777,0,0,0.0003
1778,0,0,0.0005
1779,0,0,0.0002
1780,0,0,0.0006
1781,0,0,0.0005
1782,0,0,0.0003
1783,0,0,0.0005
1784,0,0,0.0002
1785,0,0,0.0003
1786,0,0,0.0006
1787,0,0,0.0002
1788,0,0,0.0008
1789,0,0,0.0003
1790,0,0,0.0003
1791,0,0,0.0006
1792,0,0,0.0003
1793,0,0,0.0002
1794,0,0,0.0007
1795,0,0,0.0006
1796,0,0,0.0004
1797,0,0,0.0003
1798,0,0,0.0004
1799,0,0,0.0002
1800,0,0,0.0005
1801,0,0,0.0003
1802,0,0,0.0002
1803,0,0,0.0006
1804,0,0,0.0003
1805,0,0,0.0003
1806,0,0,0.0007
1807,0,0,0.0002
1808,0,0,0.0002
1809,0,0,0.0003
1810,0,0,0.0004
1811,0,0,0.0003
1812,0,0,0.0005
1813,0,0,1e-04
1814,0,0,0.0003
1815,0,0,0.0003
1816,0,0,1e-04
1817,0,0,0.0003
1818,0,0,0.0004
1819,0,0,0.0003
1820,0,0,0.0002
1821,0,0,0.0002
1822,0,0,0.0003
1823,0,0,1e-04
1824,0,0,0.0002
1825,0,0,0.0002
1826,0,0,0.0006
1827,0,0,0.0006
1828,0,0,0.0002
1829,0,0,1e-04
1830,0,0,0.0003
1831,0,0,0.0006
1832,0,0,0.0003
1833,0,0,0.0005
1834,0,0,0.0005
1835,0,0,0.0002
1836,0,0,0.0003
1837,0,0,0.0003
1838,0,0,0.0004
1839,0,0,0.0004
1840,0,0,0.0002
1841,0,0,1e-04
1842,0,0,0.0004
1843,0,0,0.0004
1844,0,0,0.0004
1845,0,0,0.0003
1846,0,0,0.0003
1847,0,0,0.0003
1848,0,0,1e-04
1849,0,0,0.0003
1850,0,0,0.0004
1851,0,0,0.0004
1852,0,0,0.0002
1853,0,0,0.0003
1854,0,0,0.0005
1855,0,0,0.0003
1856,0,0,0.0007
1857,0,0,1e-04
1858,0,0,0.0004
1859,0,0,0.0006
1860,0,0,0.0002
1861,0,0,0.0002
1862,0,0,0.0005
1863,0,0,0.0003
1864,0,0,0.0006
1865,0,0,0.0002
1866,0,0,0.0007
1867,0,0,1e-04
1868,0,0,0.0003
1869,0,0,0.0006
1870,0,0,0.0004
1871,0,0,0.0002
1872,0,0,0.0002
1873,0,0,0.0002
1874,0,0,0.0003
1875,0,0,0.0002
1876,0,0,0.0002
1877,0,0,0.0006
1878,0,0,0.0005
1879,0,0,0.0002
1880,0,0,0.0005
1881,0,0,0.0003
1882,0,0,0.0005
1883,0,0,0.0003
1884,0,0,0.0003
1885,0,0,0.0003
1886,0,0,0.0004
1887,0,0,0.0005
1888,0,0,0.0005
1889,0,0,0.0002
1890,0,0,0.0003
1891,0,0,0.0002
1892,0,0,0.0003
1893,0,0,0.0006
1894,0,0,0.0002
1895,0,0,0.0003
1896,0,0,0.0005
1897,0,0,0.0002
1898,0,0,0.0004
1899,0,0,0.0006
1900,0,0,0.0002
1901,0,0,0.0004
1902,0,0,0.0004
1903,0,0,0.0005
1904,0,0,0.0006
1905,0,0,0.0007
1906,0,0,0.0004
1907,0,0,0.0005
1908,0,0,0.0002
1909,0,0,0.0003
1910,0,0,1e-04
1911,0,0,0.0008
1912,0,0,0.0007
1913,0,0,0.0003
1914,0,0,1e-04
1915,0,0,0.0003
1916,0,0,0.0002
1917,0,0,1e-04
1918,0,0,0.0002
1919,0,0,0.0002
1920,0,0,1e-04
1921,0,0,0.0004
1922,0,0,0.0002
1923,0,0,0.0002
1924,0,0,0.0005
1925,0,0,0.0005
1926,0,0,1e-04
1927,0,0,1e-04
1928,0,0,0.0002
1929,0,0,0.0003
1930,0,0,1e-04
1931,0,0,0.0005
1932,0,0,0.0002
1933,0,0,0.0002
1934,0,0,0.0003
1935,0,0,0.0004
1936,0,0,0.0002
1937,0,0,1e-04
1938,0,0,0.0002
1939,0,0,0.0005
1940,0,0,0.0004
1941,0,0,0.0002
1942,0,0,0.0008
1943,0,0,0.0004
1944,0,0,0.0004
1945,0,0,0.0002
1946,0,0,0.0002
1947,0,0,0.0003
1948,0,0,0.0006
1949,0,0,0.0002
1950,0,0,0.0003
1951,0,0,0.0007
1952,0,0,0.0004
1953,0,0,0.0003
1954,0,0,1e-04
1955,0,0,0.0003
1956,0,0,1e-04
1957,0,0,0.0004
1958,0,0,0.0009
1959,0,0,0.0003
1960,0,0,0.0005
1961,0,0,0.0005
1962,0,0,0.0003
1963,0,0,0.0003
1964,0,0,1e-04
1965,0,0,0.0003
1966,0,0,0.0002
1967,0,0,0.0003
1968,0,0,0.0006
1969,0,0,0.0003
1970,0,0,0.0011
1971,0,0,0.0004
1972,0,0,0.0007
1973,0,0,0.0004
1974,0,0,1e-04
1975,0,0,0.0005
1976,0,0,0.0005
1977,0,0,0.0003
1978,0,0,0.0002
1979,0,0,0.0002
1980,0,0,0.0004
1981,0,0,0.0002
1982,0,0,0.0004
1983,0,0,0.0006
1984,0,0,0.0004
1985,0,0,1e-04
1986,0,0,0.0002
1987,0,0,0.0003
1988,0,0,0.0002
1989,0,0,1e-04
1990,0,0,0.0004
1991,0,0,0.0006
1992,0,0,0.0003
1993,0,0,1e-04
1994,0,0,0.0003
1995,0,0,1e-04
1996,0,0,0.0006
1997,0,0,0.0003
1998,0,0,0.0002
1999,0,0,0.0003
2000,0,0,0.0007
2001,0,0,1e-04
2002,0,0,0.0003
2003,0,0,0.0002
2004,0,0,0.0003
2005,0,0,0.0003
2006,0,0,0.0003
2007,0,0,0.0005
2008,0,0,1e-04
2009,0,0,0.0002
2010,0,0,0.0005
2011,0,0,0.0002
2012,0,0,1e-04
2013,0,0,0.0002
2014,0,0,0.0003
2015,0,0,0.0005
2016,0,0,0.0002
2017,0,0,0.0008
2018,0,0,0.0004
2019,0,0,0.0005
2020,0,0,0.0003
2021,0,0,0.0002
2022,0,0,0.0004
2023,0,0,0.0004
2024,0,0,0.0005
2025,0,0,0.0002
2026,0,0,0.0004
2027,0,0,0.0003
2028,0,0,0.0002
2029,0,0,0.0006
2030,0,0,1e-04
2031,0,0,0.0002
2032,0,0,0.0003
2033,0,0,1e-04
2034,0,0,0.0003
2035,0,0,0.0002
2036,0,0,0.0005
2037,0,0,0.0002
2038,0,0,1e-04
2039,0,0,0.0006
2040,0,0,0.0002
2041,0,0,0.0003
2042,0,0,0.0003
2043,0,0,0.0002
2044,0,0,0.0003
2045,0,0,0.0002
2046,0,0,0.0006
2047,0,0,0.0002
2048,0,0,0.0004
2049,0,0,0.0006
2050,0,0,0.0003
2051,0,0,0.0008
2052,0,0,0.0002
2053,0,0,0.0003
2054,0,0,0.0003
2055,0,0,0.0005
2056,0,0,0.0005
2057,0,0,0.0006
2058,0,0,0.0003
2059,0,0,0.0002
2060,0,0,0.0005
2061,0,0,1e-04
2062,0,0,0.0002
2063,0,0,0.0003
2064,0,0,0.0002
2065,0,0,0.0002
2066,0,0,0.0005
2067,0,0,0.0003
2068,0,0,0.0006
2069,0,0,0.0004
2070,0,0,0.0004
2071,0,0,0.0006
2072,0,0,0.001
2073,0,0,0.0002
2074,0,0,0.0005
2075,0,0,0.0005
2076,0,0,0.0006
2077,0,0,0.0003
2078,0,0,0.0002
2079,0,0,0.0005
2080,0,0,0.0004
2081,0,0,0.0004
2082,0,0,0.0003
2083,0,0,0.0002
2084,0,0,0.0002
2085,0,0,0.0004
2086,0,0,0.0005
2087,0,0,0.0002
2088,0,0,0.0002
2089,0,0,0.0004
2090,0,0,0.0004
2091,0,0,0.0003
2092,0,0,0.0002
2093,0,0,0.0004
2094,0,0,0.0003
2095,0,0,1e-04
2096,0,0,0.0002
2097,0,0,1e-04
2098,0,0,0.0002
2099,0,0,0.0004
2100,0,0,0.0003
2101,0,0,0.0003
2102,0,0,0.0003
2103,0,0,0.0002
2104,0,0,1e-04
2105,0,0,0.0006
2106,0,0,0.0002
2107,0,0,0.0002
2108,0,0,0.0003
2109,0,0,0.0005
2110,0,0,0.0004
2111,0,0,0.0006
2112,0,0,0.0002
2113,0,0,0.0006
2114,0,0,0.0004
2115,0,0,0.0003
2116,0,0,0.0007
2117,0,0,0.0002
2118,0,0,1e-04
2119,0,0,0.0005
2120,0,0,0.0005
2121,0,0,0.0004
2122,0,0,0.0003
2123,0,0,0.0005
2124,0,0,0.0002
2125,0,0,0.0003
2126,0,0,0.0002
2127,0,0,0.0003
2128,0,0,0.0003
2129,0,0,1e-04
2130,0,0,0.0006
2131,0,0,0.0003
2132,0,0,0.0004
2133,0,0,0.0002
2134,0,0,0.0008
2135,0,0,0.0005
2136,0,0,0.0002
2137,0,0,0.0004
2138,0,0,0.0002
2139,0,0,0.0004
2140,0,0,0.0002
2141,0,0,0.0002
2142,0,0,0.0002
2143,0,0,0.0003
2144,0,0,0.0007
2145,0,0,0.0004
2146,0,0,0.0003
2147,0,0,1e-04
2148,0,0,0.0005
2149,0,0,0.0002
2150,0,0,1e-04
2151,0,0,1e-04
2152,0,0,0.0005
2153,0,0,0.0004
2154,0,0,0.0003
2155,0,0,0.0003
2156,0,0,0.0006
2157,0,0,0.0004
2158,0,0,0.0002
2159,0,0,0.0006
2160,0,0,1e-04
2161,0,0,0.0003
2162,0,0,1e-04
2163,0,0,0.0004
2164,0,0,0.0002
2165,0,0,0.0007
2166,0,0,0.0003
2167,0,0,0.0003
2168,0,0,0.0003
2169,0,0,0.0005
2170,0,0,0.0004
2171,0,0,0.0002
2172,0,0,0.0005
2173,0,0,0.0003
2174,0,0,0.0006
2175,0,0,0.0005
2176,0,0,0.0005
2177,0,0,0.0003
2178,0,0,0.0006
2179,0,0,0.0002
2180,0,0,0.0005
2181,0,0,0.0008
2182,0,0,0.0003
2183,0,0,0.0005
2184,0,0,1e-04
2185,0,0,1e-04
2186,0,0,0.0005
2187,0,0,0.0003
2188,0,0,1e-04
2189,0,0,1e-04
2190,0,0,0.0004
2191,0,0,0.0002
2192,0,0,0.0005
2193,0,0,0.0005
2194,0,0,0.0005
2195,0,0,0.0002
2196,0,0,0.0003
2197,0,0,0.0005
2198,0,0,0.0006
2199,0,0,0.0004
2200,0,0,0.0002
2201,0,0,0.0004
2202,0,0,0.0003
2203,0,0,0.0004
2204,0,0,0.0005
2205,0,0,0.0004
2206,0,0,0.0003
2207,0,0,1e-04
2208,0,0,0.0003
2209,0,0,0.0004
2210,0,0,0.0003
2211,0,0,0.0003
2212,0,0,0.0005
2213,0,0,0.0003
2214,0,0,0.0002
2215,0,0,0.0003
2216,0,0,0.0002
2217,0,0,0.0006
2218,0,0,0.0005
2219,0,0,0.0003
2220,0,0,0.0004
2221,0,0,0.0005
2222,0,0,0.0004
2223,0,0,0.0007
2224,0,0,0.0009
2225,0,0,0.0003
2226,0,0,0.0002
2227,0,0,0.0008
2228,0,0,0.0004
2229,0,0,0.0005
2230,0,0,0.0003
2231,0,0,0.0004
2232,0,0,0.0005
2233,0,0,1e-04
2234,0,0,0.0003
2235,0,0,0.0003
2236,0,0,0.0003
2237,0,0,0.0004
2238,0,0,0.0005
2239,0,0,0.0006
2240,0,0,0.0003
2241,0,0,0.0006
2242,0,0,0.0003
2243,0,0,0.0002
2244,0,0,0.0003
2245,0,0,0.0007
2246,0,0,0.0003
2247,0,0,0.0002
2248,0,0,0.0005
2249,0,0,0.0002
2250,0,0,0.0003
2251,0,0,0.0007
2252,0,0,0.0003
2253,0,0,0.0002
2254,0,0,0.0006
2255,0,0,0.0005
2256,0,0,0.0003
2257,0,0,1e-04
2258,0,0,0.0004
2259,0,0,0.0002
2260,0,0,0.0002
2261,0,0,0.0002
2262,0,0,0.0002
2263,0,0,0.0002
2264,0,0,0.0005
2265,0,0,0.0006
2266,0,0,0.0003
2267,0,0,0.0004
2268,0,0,0.0005
2269,0,0,0.0005
2270,0,0,0.0005
2271,0,0,0.0002
2272,0,0,0.0004
2273,0,0,0.0002
2274,0,0,0.0003
2275,0,0,0.0003
2276,0,0,0.0004
2277,0,0,0.0003
2278,0,0,0.0003
2279,0,0,0.0003
2280,0,0,0.0004
2281,0,0,1e-04
2282,0,0,0.0007
2283,0,0,0.0004
2284,0,0,0.0005
2285,0,0,0.0004
2286,0,0,0.0002
2287,0,0,0.0004
2288,0,0,0.0006
2289,0,0,0.0004
2290,0,0,0.0006
2291,0,0,0.0003
2292,0,0,1e-04
2293,0,0,0.0002
2294,0,0,0.0002
2295,0,0,0.0002
2296,0,0,0.0005
2297,0,0,0.0006
2298,0,0,0.0003
2299,0,0,0.0002
2300,0,0,0.0004
2301,0,0,0.0002
2302,0,0,0.0006
2303,0,0,0.0004
2304,0,0,0.0003
2305,0,0,0.0005
2306,0,0,1e-04
2307,0,0,0.0006
2308,0,0,0.0002
2309,0,0,0.0008
2310,0,0,0.0002
2311,0,0,0.0002
2312,0,0,0.0003
2313,0,0,0.0005
2314,0,0,0.0002
2315,0,0,0.0003
2316,0,0,0.0006
2317,0,0,0.0002
2318,0,0,0.0002
2319,0,0,0.0002
2320,0,0,0.0003
2321,0,0,0.0002
2322,0,0,0.0005
2323,0,0,0.0005
2324,0,0,0.0004
2325,0,0,0.0006
2326,0,0,0.0004
2327,0,0,0.0003
2328,0,0,0.0004
2329,0,0,0.0003
2330,0,0,0.0005
2331,0,0,0.0002
2332,0,0,0.0003
2333,0,0,0.0003
2334,0,0,0.0005
2335,0,0,1e-04
2336,0,0,0.0004
2337,0,0,0.0003
2338,0,0,0.0004
2339,0,0,0.0003
2340,0,0,0.0007
2341,0,0,1e-04
2342,0,0,0.0006
2343,0,0,0.0005
2344,0,0,0.0004
2345,0,0,0.0002
2346,0,0,0.0006
2347,0,0,0.0005
2348,0,0,0.0002
2349,0,0,0.0007
2350,0,0,0.0007
2351,0,0,0.0003
2352,0,0,0.0003
2353,0,0,1e-04
2354,0,0,0.0004
2355,0,0,0.0003
2356,0,0,0.0002
2357,0,0,0.0002
2358,0,0,0.0004
2359,0,0,0.0003
2360,0,0,0.0002
2361,0,0,0.0002
2362,0,0,0.0003
2363,0,0,0.0003
2364,0,0,0.0003
2365,0,0,0.0005
2366,0,0,0.0006
2367,0,0,0.0003
2368,0,0,0.0003
2369,0,0,0.0004
2370,0,0,0.0004
2371,0,0,0.0002
2372,0,0,0.0007
2373,0,0,0.0002
2374,0,0,0.0004
2375,0,0,0.0002
2376,0,0,0.0003
2377,0,0,0.0002
2378,0,0,0.0002
2379,0,0,0.0003
2380,0,0,0.0002
2381,0,0,1e-04
2382,0,0,0.0005
2383,0,0,0.0006
2384,0,0,0.0002
2385,0,0,0.0003
2386,0,0,0.0002
2387,0,0,0.0002
2388,0,0,0.0002
2389,0,0,0.0002
2390,0,0,1e-04
2391,0,0,0.0004
2392,0,0,0.0005
2393,0,0,0.0004
2394,0,0,0.0007
2395,0,0,0.0003
2396,0,0,0.0003
2397,0,0,0.0002
2398,0,0,0.0002
2399,0,0,0.0004
2400,0,0,0.0005
2401,0,0,0.0002
2402,0,0,0.0003
2403,0,0,0.0006
2404,0,0,0.0006
2405,0,0,0.0002
2406,0,0,0.0003
2407,0,0,0.0005
2408,0,0,0.0002
2409,0,0,0.0003
2410,0,0,0.0004
2411,0,0,0.0008
2412,0,0,0.0003
2413,0,0,1e-04
2414,0,0,0.0003
2415,0,0,0.0004
2416,0,0,0.0005
2417,0,0,0.0005
2418,0,0,0.0004
2419,0,0,0.0004
2420,0,0,1e-04
2421,0,0,0.0002
2422,0,0,0.0005
2423,0,0,0.0006
2424,0,0,0.0009
2425,0,0,0.0005
2426,0,0,0.0003
2427,0,0,0.0002
2428,0,0,0.0006
2429,0,0,0.0006
2430,0,0,0.0005
2431,0,0,0.0003
2432,0,0,0.0005
2433,0,0,0.0003
2434,0,0,0.0003
2435,0,0,0.0005
2436,0,0,0.0003
2437,0,0,0.0002
2438,0,0,0.0002
2439,0,0,0.0002
2440,0,0,0.0002
2441,0,0,0.0004
2442,0,0,0.0004
2443,0,0,0.0004
2444,0,0,0.0006
2445,0,0,0.0003
2446,0,0,0.0004
2447,0,0,0.0002
2448,0,0,0.0002
2449,0,0,0.0004
2450,0,0,0.0003
2451,0,0,0.0002
2452,0,0,0.0005
2453,0,0,0.0003
2454,0,0,1e-04
2455,0,0,0.0002
2456,0,0,0.0007
2457,0,0,0.0007
2458,0,0,0.0008
2459,0,0,1e-04
2460,0,0,0.0005
2461,0,0,0.0005
2462,0,0,0.0004
2463,0,0,0.0004
2464,0,0,0.0004
2465,0,0,0.0002
2466,0,0,0.0004
2467,0,0,0.0003
2468,0,0,0.0004
2469,0,0,0.0003
2470,0,0,0.0005
2471,0,0,0.0002
2472,0,0,0.0006
2473,0,0,0.0007
2474,0,0,0.0003
2475,0,0,1e-04
2476,0,0,0.0004
2477,0,0,0.0004
2478,0,0,0.0002
2479,0,0,0.0005
2480,0,0,0.0004
2481,0,0,0.0006
2482,0,0,0.0005
2483,0,0,0.0002
2484,0,0,0.0003
2485,0,0,0.0003
2486,0,0,0.0005
2487,0,0,0.0003
2488,0,0,0.0002
2489,0,0,0.0002
2490,0,0,1e-04
2491,0,0,0.0003
2492,0,0,0.0002
2493,0,0,0.0007
2494,0,0,0.0008
2495,0,0,0.0005
2496,0,0,0.0003
2497,0,0,1e-04
2498,0,0,0.0006
2499,0,0,0.0003
2500,0,0,0.0006
2501,0,0,1e-04
2502,0,0,1e-04
2503,0,0,0.0003
2504,0,0,1e-04
2505,0,0,0.0004
2506,0,0,0.0007
2507,0,0,0.0005
2508,0,0,0.0006
2509,0,0,0.0002
2510,0,0,0.0002
2511,0,0,0.0008
2512,0,0,0.0003
2513,0,0,0.0003
2514,0,0,0.0004
2515,0,0,0.0003
2516,0,0,1e-04
2517,0,0,0.0005
2518,0,0,0.0004
2519,0,0,0.0002
2520,0,0,0.0003
2521,0,0,1e-04
2522,0,0,0.0002
2523,0,0,0.0005
2524,0,0,0.0005
2525,0,0,0.0004
2526,0,0,0.0006
2527,0,0,0.0003
2528,0,0,0.0002
2529,0,0,0.0002
2530,0,0,0.0006
2531,0,0,0.0008
2532,0,0,0.0002
2533,0,0,1e-04
2534,0,0,1e-04
2535,0,0,1e-04
2536,0,0,0.0002
2537,0,0,0.0003
2538,0,0,0.0002
2539,0,0,0.0002
2540,0,0,0.0006
2541,0,0,1e-04
2542,0,0,0.0002
2543,0,0,0.0003
2544,0,0,0.0008
2545,0,0,0.0003
2546,0,0,0.0006
2547,0,0,0.0002
2548,0,0,0.0002
2549,0,0,0.0003
2550,0,0,0.0006
2551,0,0,0.0002
2552,0,0,0.0005
2553,0,0,0.0003
2554,0,0,0.0003
2555,0,0,1e-04
2556,0,0,1e-04
2557,0,0,1e-04
2558,0,0,0.0003
2559,0,0,1e-04
2560,0,0,0.0004
2561,0,0,0.0007
2562,0,0,1e-04
2563,0,0,0.0003
2564,0,0,0.0003
2565,0,0,0.0005
2566,0,0,0.0002
2567,0,0,0.0003
2568,0,0,0.0004
2569,0,0,0.0006
2570,0,0,0.0006
2571,0,0,0.0007
2572,0,0,0.0006
2573,0,0,0.0003
2574,0,0,0.0003
2575,0,0,1e-04
2576,0,0,1e-04
2577,0,0,0.0002
2578,0,0,0.0006
2579,0,0,0.0002
2580,0,0,0.0005
2581,0,0,1e-04
2582,0,0,0.0002
2583,0,0,0.0002
2584,0,0,0.0002
2585,0,0,0.0002
2586,0,0,0.0005
2587,0,0,0.0002
2588,0,0,0.0004
2589,0,0,0.0004
2590,0,0,0.0002
2591,0,0,0.0005
2592,0,0,1e-04
2593,0,0,0.0002
2594,0,0,0.0004
2595,0,0,0.0002
2596,0,0,0.0002
2597,0,0,0.0004
2598,0,0,0.0005
2599,0,0,1e-04
2600,0,0,0.0003
2601,0,0,0.0003
2602,0,0,0.0002
2603,0,0,0.0005
2604,0,0,1e-04
2605,0,0,1e-04
2606,0,0,1e-04
2607,0,0,0.0004
2608,0,0,0.0002
2609,0,0,1e-04
2610,0,0,0.0003
2611,0,0,0.0003
2612,0,0,0.001
2613,0,0,0.0005
2614,0,0,0.0005
2615,0,0,0.0005
2616,0,0,0.0006
2617,0,0,0.0003
2618,0,0,0.0006
2619,0,0,0.0007
2620,0,0,0.0002
2621,0,0,0.0003
2622,0,0,0.0004
2623,0,0,0.0005
2624,0,0,0.0009
2625,0,0,0.0002
2626,0,0,1e-04
2627,0,0,0.0004
2628,0,0,0.0003
2629,0,0,0.0006
2630,0,0,0.0002
2631,0,0,0.0002
2632,0,0,0.0003
2633,0,0,0.0004
2634,0,0,0.0002
2635,0,0,0.0007
2636,0,0,0.0003
2637,0,0,0.0003
2638,0,0,0.0002
2639,0,0,0.0004
2640,0,0,0.0003
2641,0,0,0.0004
2642,0,0,0.0005
2643,0,0,0.0006
2644,0,0,0.0002
2645,0,0,0.0006
2646,0,0,0.0003
2647,0,0,0.0003
2648,0,0,0.0002
2649,0,0,0.0005
2650,0,0,1e-04
2651,0,0,0.0004
2652,0,0,1e-04
2653,0,0,0.0006
2654,0,0,0.0004
2655,0,0,1e-04
2656,0,0,0.0003
2657,0,0,0.0007
2658,0,0,0.0004
2659,0,0,0.0005
2660,0,0,0.0002
2661,0,0,0.0005
2662,0,0,0.0003
2663,0,0,0.0005
2664,0,0,0.0002
2665,0,0,0.0005
2666,0,0,0.0002
2667,0,0,0.0002
2668,0,0,0.0002
2669,0,0,0.0004
2670,0,0,0.0002
2671,0,0,0.0002
2672,0,0,0.0002
2673,0,0,0.0002
2674,0,0,0.0002
2675,0,0,0.0003
2676,0,0,0.0002
2677,0,0,0.0002
2678,0,0,0.0002
2679,0,0,0.0004
2680,0,0,0.0002
2681,0,0,0.0002
2682,0,0,1e-04
2683,0,0,1e-04
2684,0,0,0.0002
2685,0,0,0.0002
2686,0,0,0.0003
2687,0,0,0.0002
2688,0,0,0.0003
2689,0,0,1e-04
2690,0,0,0.0008
2691,0,0,0.0002
2692,0,0,0.0003
2693,0,0,1e-04
2694,0,0,0.0003
2695,0,0,0.0003
2696,0,0,0.0006
2697,0,0,0.0002
2698,0,0,0.0003
2699,0,0,0.0005
2700,0,0,0.0002
2701,0,0,0.0008
2702,0,0,1e-04
2703,0,0,0.0004
2704,0,0,0.0002
2705,0,0,0.0003
2706,0,0,1e-04
2707,0,0,0.0004
2708,0,0,1e-04
2709,0,0,0.0005
2710,0,0,1e-04
2711,0,0,0.0002
2712,0,0,0.0004
2713,0,0,0.0003
2714,0,0,1e-04
2715,0,0,0.0005
2716,0,0,0.0002
2717,0,0,0.0002
2718,0,0,0.0002
2719,0,0,0.0003
2720,0,0,0.0004
2721,0,0,0.0002
2722,0,0,0.0003
2723,0,0,0.0004
2724,0,0,0.0002
2725,0,0,0.0002
2726,0,0,0.0004
2727,0,0,0.0007
2728,0,0,0.0003
2729,0,0,0.0002
2730,0,0,0.0004
2731,0,0,0.0003
2732,0,0,0.0002
2733,0,0,0.0007
2734,0,0,0.0002
2735,0,0,0.0007
2736,0,0,0.0002
2737,0,0,0.0003
2738,0,0,0.0002
2739,0,0,0.0003
2740,0,0,0.0005
2741,0,0,0.0002
2742,0,0,1e-04
2743,0,0,0.0004
2744,0,0,0.0002
2745,0,0,0.0002
2746,0,0,0.0002
2747,0,0,0.0003
2748,0,0,0.0004
2749,0,0,0.0002
2750,0,0,0.0003
2751,0,0,0.0002
2752,0,0,0.0005
2753,0,0,1e-04
2754,0,0,0.0003
2755,0,0,0.0002
2756,0,0,1e-04
2757,0,0,0.0002
2758,0,0,1e-04
2759,0,0,0.0002
2760,0,0,0.0008
2761,0,0,0.0002
2762,0,0,0.0005
2763,0,0,0.0004
2764,0,0,0.0002
2765,0,0,0.0006
2766,0,0,0.0003
2767,0,0,0.0002
2768,0,0,0.0003
2769,0,0,0.0005
2770,0,0,0.0002
2771,0,0,0.0004
2772,0,0,0.0003
2773,0,0,0.0004
2774,0,0,0.0004
2775,0,0,0.0004
2776,0,0,1e-04
2777,0,0,0.0002
2778,0,0,0.0002
2779,0,0,0.0008
2780,0,0,0.0002
2781,0,0,0.0006
2782,0,0,0.0002
2783,0,0,1e-04
2784,0,0,0.0002
2785,0,0,0.0003
2786,0,0,0.0002
2787,0,0,0.0002
2788,0,0,1e-04
2789,0,0,0.0005
2790,0,0,0.0003
2791,0,0,0.0004
2792,0,0,0.0003
2793,0,0,0.0002
2794,0,0,0.0005
2795,0,0,0.0004
2796,0,0,0.0009
2797,0,0,1e-04
2798,0,0,0.0005
2799,0,0,0.0003
2800,0,0,0.0003
2801,0,0,0.0002
2802,0,0,0.0003
2803,0,0,0.0007
2804,0,0,0.0004
2805,0,0,0.0002
2806,0,0,0.0002
2807,0,0,0.0003
2808,0,0,0.0005
2809,0,0,0.0006
2810,0,0,1e-04
2811,0,0,0.0004
2812,0,0,0.0002
2813,0,0,0.0003
2814,0,0,0.0005
2815,0,0,0.0005
2816,0,0,0.0003
2817,0,0,0.0005
2818,0,0,0.0006
2819,0,0,0.0003
2820,0,0,0.0007
2821,0,0,0.0002
2822,0,0,0.0002
2823,0,0,0.0003
2824,0,0,1e-04
2825,0,0,0.0002
2826,0,0,0.0002
2827,0,0,0.0002
2828,0,0,1e-04
2829,0,0,0.0002
2830,0,0,1e-04
2831,0,0,0.0002
2832,0,0,0.0005
2833,0,0,0.0003
2834,0,0,0.0002
2835,0,0,0.0002
2836,0,0,1e-04
2837,0,0,0.0004
2838,0,0,0.0004
2839,0,0,0.0002
2840,0,0,0.0005
2841,0,0,1e-04
2842,0,0,0.0002
2843,0,0,1e-04
2844,0,0,0.0006
2845,0,0,0.0004
2846,0,0,0.0004
2847,0,0,0.0003
2848,0,0,0.0004
2849,0,0,0.0002
2850,0,0,0.0005
2851,0,0,0.0002
2852,0,0,0.0002
2853,0,0,0.0002
2854,0,0,0.0003
2855,0,0,0.0002
2856,0,0,0.0002
2857,0,0,0.0009
2858,0,0,0.0006
2859,0,0,0.0002
2860,0,0,0.0002
2861,0,0,1e-04
2862,0,0,1e-04
2863,0,0,0.0002
2864,0,0,0.0005
2865,0,0,0.0004
2866,0,0,0.0004
2867,0,0,0.0002
2868,0,0,0.0003
2869,0,0,1e-04
2870,0,0,0.0002
2871,0,0,1e-04
2872,0,0,0.0004
2873,0,0,0.0005
2874,0,0,0.0002
2875,0,0,1e-04
2876,0,0,1e-04
2877,0,0,0.0005
2878,0,0,0.0002
2879,0,0,0.0003
2880,0,0,0.0002
2881,0,0,0.0004
2882,0,0,0.0009
2883,0,0,0.0003
2884,0,0,0.0002
2885,0,0,0.0003
2886,0,0,0.0002
2887,0,0,0.0004
2888,0,0,1e-04
2889,0,0,0.0003
2890,0,0,0.0007
2891,0,0,0.0003
2892,0,0,0.0003
2893,0,0,0.0003
2894,0,0,0.0006
2895,0,0,0.0002
2896,0,0,0.0005
2897,0,0,0.0002
2898,0,0,0.0005
2899,0,0,0.0004
2900,0,0,0.0004
2901,0,0,0.0006
2902,0,0,0.0006
2903,0,0,0.0005
2904,0,0,0.0002
2905,0,0,0.0002
2906,0,0,0.0003
2907,0,0,0.0003
2908,0,0,0.0002
2909,0,0,1e-04
2910,0,0,0.0005
2911,0,0,0.0002
2912,0,0,0.0005
2913,0,0,0.0003
2914,0,0,0.0004
2915,0,0,0.0004
2916,0,0,0.0002
2917,0,0,0.0003
2918,0,0,0.0002
2919,0,0,0.0004
2920,0,0,1e-04
2921,0,0,0.0002
2922,0,0,0.0002
2923,0,0,0.0003
2924,0,0,0.0006
2925,0,0,1e-04
2926,0,0,1e-04
2927,0,0,0.0005
2928,0,0,0.0011
2929,0,0,0.0004
2930,0,0,0.0007
2931,0,0,0.0004
2932,0,0,0.0003
2933,0,0,0.0002
2934,0,0,0.0005
2935,0,0,0.0002
2936,0,0,0.0002
2937,0,0,0.0008
2938,0,0,1e-04
2939,0,0,0.0004
2940,0,0,0.0002
2941,0,0,0.0003
2942,0,0,0.0002
2943,0,0,0.0002
2944,0,0,0.0003
2945,0,0,0.0002
2946,0,0,0.0002
2947,0,0,0.0007
2948,0,0,0.0005
2949,0,0,1e-04
2950,0,0,0.0007
2951,0,0,0.0006
2952,0,0,0.0005
2953,0,0,0.0002
2954,0,0,0.0008
2955,0,0,0.0003
2956,0,0,0.0006
2957,0,0,0.0003
2958,0,0,0.0002
2959,0,0,0.0002
2960,0,0,0.0003
2961,0,0,1e-04
2962,0,0,0.0005
2963,0,0,0.0004
2964,0,0,0.0002
2965,0,0,0.0006
2966,0,0,0.0003
2967,0,0,1e-04
2968,0,0,0.0004
2969,0,0,0.0003
2970,0,0,0.0002
2971,0,0,0.0002
2972,0,0,0.0004
2973,0,0,0.0005
2974,0,0,0.0003
2975,0,0,0.0003
2976,0,0,0.0006
2977,0,0,0.0002
2978,0,0,0.0006
2979,0,0,0.0003
2980,0,0,0.0006
2981,0,0,0.0004
2982,0,0,0.0004
2983,0,0,0.0005
2984,0,0,0.0006
2985,0,0,0.0006
2986,0,0,0.0003
2987,0,0,0.0006
2988,0,0,0.0006
2989,0,0,0.0003
2990,0,0,0.0002
2991,0,0,0.0006
2992,0,0,0.0005
2993,0,0,0.0005
2994,0,0,0.0002
2995,0,0,0.0005
2996,0,0,0.0005
2997,0,0,0.0003
2998,0,0,1e-04
2999,0,0,0.0004
3000,0,0,0.0003
3001,0,0,0.0002
3002,0,0,0.0004
3003,0,0,0.0003
3004,0,0,0.0002
3005,0,0,0.0005
3006,0,0,0.0003
3007,0,0,0.0003
3008,0,0,0.0002
3009,0,0,0.0003
3010,0,0,0.0006
3011,0,0,0.0002
3012,0,0,0.0007
3013,0,0,0.0004
3014,0,0,0.0007
3015,0,0,0.0005
3016,0,0,0.0002
3017,0,0,0.0005
3018,0,0,0.0003
3019,0,0,0.0004
3020,0,0,0.0005
3021,0,0,0.0005
3022,0,0,0.0002
3023,0,0,0.0005
3024,0,0,0.0003
3025,0,0,0.0003
3026,0,0,0.0004
3027,0,0,0.0003
3028,0,0,0.0005
3029,0,0,0.0002
3030,0,0,0.0004
3031,0,0,0.0004
3032,0,0,0.0002
3033,0,0,0.0007
3034,0,0,0.0002
3035,0,0,0.0006
3036,0,0,0.0004
3037,0,0,0.0003
3038,0,0,0.0004
3039,0,0,0.0005
3040,0,0,0.0002
3041,0,0,0.0005
3042,0,0,0.0005
3043,0,0,0.0004
3044,0,0,0.0006
3045,0,0,0.0006
3046,0,0,0.0005
3047,0,0,0.0004
3048,0,0,0.0005
3049,0,0,0.0008
3050,0,0,0.0003
3051,0,0,0.0003
3052,0,0,0.0006
3053,0,0,0.0003
3054,0,0,0.0006
3055,0,0,0.0003
3056,0,0,0.0002
3057,0,0,0.0004
3058,0,0,0.0005
3059,0,0,0.0003
3060,0,0,0.0006
3061,0,0,0.0004
3062,0,0,0.0002
3063,0,0,0.0008
3064,0,0,0.0002
3065,0,0,0.0003
3066,0,0,0.0002
3067,0,0,0.0007
3068,0,0,0.0006
3069,0,0,0.0007
3070,0,0,0.0005
3071,0,0,0.0005
3072,0,0,0.0008
3073,0,0,0.0008
3074,0,0,0.0006
3075,0,0,0.0003
3076,0,0,0.0003
3077,0,0,0.0005
3078,0,0,0.0004
3079,0,0,0.0004
3080,0,0,0.0004
3081,0,0,0.0006
3082,0,0,0.0004
3083,0,0,0.0006
3084,0,0,0.0004
3085,0,0,0.0003
3086,0,0,0.0003
3087,0,0,0.0003
3088,0,0,0.0003
3089,0,0,0.0005
3090,0,0,0.0005
3091,0,0,0.0004
3092,0,0,0.0005
3093,0,0,0.0005
3094,0,0,0.0004
3095,0,0,0.0005
3096,0,0,0.0006
3097,0,0,0.0004
3098,0,0,0.0007
3099,0,0,0.0003
3100,0,0,0.0002
3101,0,0,0.0002
3102,0,0,0.0006
3103,0,0,0.0004
3104,0,0,0.0002
3105,0,0,0.0003
3106,0,0,0.0004
3107,0,0,0.0003
3108,0,0,0.0007
3109,0,0,0.0003
3110,0,0,0.0002
3111,0,0,0.0006
3112,0,0,0.0006
3113,0,0,0.0006
3114,0,0,0.0002
3115,0,0,0.0004
3116,0,0,0.0006
3117,0,0,0.0002
3118,0,0,0.0005
3119,0,0,0.0005
3120,0,0,0.0008
3121,0,0,0.0007
3122,0,0,0.0003
3123,0,0,0.0003
3124,0,0,0.0004
3125,0,0,0.0003
3126,0,0,0.0006
3127,0,0,0.0005
3128,0,0,0.0007
3129,0,0,0.0004
3130,0,0,0.0006
3131,0,0,0.0005
3132,0,0,0.0003
3133,0,0,0.0004
3134,0,0,0.0003
3135,0,0,0.0002
3136,0,0,0.0009
3137,0,0,0.0005
3138,0,0,1e-04
3139,0,0,0.0004
3140,0,0,0.0007
3141,0,0,0.0003
3142,0,0,0.0004
3143,0,0,0.0002
3144,0,0,0.0004
3145,0,0,0.0002
3146,0,0,0.0007
3147,0,0,0.0006
3148,0,0,0.0003
3149,0,0,0.0002
3150,0,0,0.0003
3151,0,0,0.0002
3152,0,0,0.0003
3153,0,0,1e-04
3154,0,0,0.0004
3155,0,0,0.0005
3156,0,0,0.0002
3157,0,0,0.0006
3158,0,0,0.0003
3159,0,0,0.0003
3160,0,0,0.0003
3161,0,0,0.0003
3162,0,0,0.0002
3163,0,0,0.0004
3164,0,0,0.0006
3165,0,0,0.0003
3166,0,0,0.0004
3167,0,0,0.0004
3168,0,0,0.0004
3169,0,0,1e-04
3170,0,0,0.0006
3171,0,0,0.0004
3172,0,0,0.0006
3173,0,0,0.0004
3174,0,0,0.0006
3175,0,0,0.0003
3176,0,0,0.0004
3177,0,0,0.0005
3178,0,0,0.0006
3179,0,0,0.0004
3180,0,0,0.0006
3181,0,0,0.0003
3182,0,0,0.0003
3183,0,0,0.0002
3184,0,0,0.0006
3185,0,0,0.0005
3186,0,0,0.0002
3187,0,0,0.0008
3188,0,0,0.0002
3189,0,0,0.0004
3190,0,0,0.0004
3191,0,0,0.0005
3192,0,0,0.0002
3193,0,0,0.0003
3194,0,0,0.0002
3195,0,0,0.0007
3196,0,0,0.0005
3197,0,0,0.0006
3198,0,0,0.0003
3199,0,0,0.0004
3200,0,0,0.0005
3201,0,0,0.0002
3202,0,0,0.0004
3203,0,0,0.0002
3204,0,0,0.0005
3205,0,0,0.0005
3206,0,0,0.0004
3207,0,0,0.0002
3208,0,0,0.0006
3209,0,0,0.0005
3210,0,0,0.0006
3211,0,0,0.0004
3212,0,0,0.0002
3213,0,0,0.0003
3214,0,0,0.0002
3215,0,0,0.0002
3216,0,0,0.0002
3217,0,0,0.0003
3218,0,0,0.0003
3219,0,0,0.0008
3220,0,0,0.0006
3221,0,0,0.0007
3222,0,0,0.0007
3223,0,0,0.0003
3224,0,0,0.0005
3225,0,0,0.0005
3226,0,0,0.0004
3227,0,0,0.0003
3228,0,0,0.0005
3229,0,0,0.0004
3230,0,0,0.0007
3231,0,0,0.0004
3232,0,0,0.0003
3233,0,0,0.0002
3234,0,0,0.0003
3235,0,0,0.0003
3236,0,0,0.0006
3237,0,0,0.0003
3238,0,0,0.0006
3239,0,0,0.0003
3240,0,0,0.0002
3241,0,0,0.0004
3242,0,0,0.0004
3243,0,0,0.0005
3244,0,0,0.0002
3245,0,0,0.0003
3246,0,0,0.0007
3247,0,0,0.0004
3248,0,0,0.0003
3249,0,0,0.0005
3250,0,0,0.0005
3251,0,0,0.0008
3252,0,0,0.0007
3253,0,0,0.0003
3254,0,0,0.0005
3255,0,0,0.0006
3256,0,0,0.0006
3257,0,0,0.6646
3258,0,0,0.6206
3259,0,0,0.0005
3260,0,0,0.0002
3261,0,0,0.0002
3262,0,0,1e-04
3263,0,1,0.9239
3264,0,0,0.0002
3265,0,0,0.7268
3266,0,0,0.0002
3267,0,0,0.0321
3268,0,0,0.4746
3269,0,0,0.0249
3270,0,0,0.0189
3271,0,0,0.487
3272,0,0,0.6081
3273,0,0,0.0002
3274,0,0,0.0003
3275,0,0,0.0006
3276,0,0,0.0664
3277,0,0,0.0003
3278,0,0,0.0006
3279,0,0,0.0004
3280,0,0,0.0012
3281,0,0,0.0005
3282,0,0,0.0026
3283,0,0,1e-04
3284,0,0,0.0002
3285,0,0,0.0249
3286,0,0,0.0011
3287,0,0,0.0442
3288,0,0,0.0003
3289,0,0,0.0005
3290,0,0,1e-04
3291,0,0,0.0005
3292,0,0,0.0002
3293,0,0,0.0004
3294,0,0,0.0228
3295,0,0,0.0497
3296,0,0,0.1563
3297,0,0,0.0048
3298,0,0,0.0002
3299,0,0,0.0002
3300,0,0,0.0004
3301,1,1,0.9992
3302,1,1,0.9975
3303,0,0,1e-04
3304,0,0,0.0773
3305,0,0,0.0004
3306,0,0,0.0013
3307,0,0,0.0002
3308,0,0,1e-04
3309,0,0,0.0002
3310,0,0,0.0018
3311,0,0,0.0002
3312,0,0,0.1337
3313,0,0,1e-04
3314,0,0,0.0004
3315,0,0,0.0003
3316,0,0,1e-04
3317,0,0,0.0002
3318,0,0,0.0006
3319,0,0,0.0002
3320,0,0,0.0003
3321,0,0,0.0015
3322,0,0,0.0351
3323,0,0,1e-04
3324,0,0,0.0004
3325,0,0,0.0014
3326,0,0,0.0002
3327,0,0,0.0004
3328,0,0,0.001
3329,0,0,0.0018
3330,0,0,0.0002
3331,0,0,0.004
3332,0,0,0.0004
3333,0,0,0.0041
3334,0,0,0.0005
3335,0,0,0.0003
3336,0,0,0.0988
3337,0,0,0.0062
3338,0,0,0.0003
3339,0,0,0.0017
3340,1,1,0.9981
3341,0,0,1e-04
3342,0,0,0.0002
3343,0,0,0.0004
3344,0,0,0.0002
3345,0,0,0.0003
3346,0,0,0.0003
3347,0,0,0.0013
3348,0,0,0.0003
3349,0,0,0.0014
3350,0,0,0.0102
3351,0,0,1e-04
3352,0,0,1e-04
3353,0,0,0.0003
3354,0,0,0.0306
3355,1,0,0.0003
3356,0,0,0.1249
3357,0,0,0.0003
3358,0,0,0.0002
3359,0,0,0.0002
3360,0,0,1e-04
3361,0,0,0.0027
3362,0,0,0.0002
3363,0,0,0.0002
3364,0,0,0.0061
3365,0,0,0.0002
3366,0,0,0.002
3367,0,0,0.0003
3368,0,0,0.0003
3369,0,0,0.0005
3370,0,0,0.0003
3371,0,0,0.0003
3372,0,0,0.0002
3373,0,0,0.0002
3374,0,0,0.0005
3375,0,0,0.0004
3376,0,0,0.0005
3377,0,0,0.0005
3378,0,0,0.0035
3379,0,0,0.0005
3380,0,0,0.0008
3381,0,0,0.0053
3382,0,0,0.0002
3383,0,0,0.6839
3384,0,0,1e-04
3385,0,0,0.0003
3386,0,0,0.0559
3387,0,0,0.0002
3388,0,0,0.0004
3389,0,0,0.0005
3390,0,0,0.0006
3391,0,0,0.0004
3392,0,0,0.0087
3393,0,0,0.0006
3394,0,0,1e-04
3395,0,0,0.0006
3396,0,0,0.0005
3397,0,0,0.0679
3398,0,0,0.0005
3399,0,0,0.1579
3400,0,0,0.0004
3401,0,0,0.0004
3402,0,0,0.001
3403,1,0,0.2204
3404,0,0,0.0004
3405,0,0,0.0024
3406,0,0,0.0002
3407,0,0,0.0006
3408,0,0,0.0003
3409,0,0,0.0025
3410,0,0,0.0003
3411,0,0,0.0161
3412,0,0,1e-04
3413,0,0,0.0002
3414,0,0,0.0002
3415,0,0,0.0002
3416,0,0,0.0002
3417,0,0,0.0008
3418,0,0,0.0275
3419,0,0,0.1249
3420,0,0,0.0002
3421,0,0,0.0002
3422,0,0,0.0015
3423,0,0,0.0004
3424,0,0,0.0002
3425,0,0,0.0002
3426,0,0,0.0002
3427,0,0,0.0107
3428,0,0,0.0191
3429,0,0,0.0083
3430,0,0,0.0002
3431,0,0,0.0003
3432,0,0,0.0002
3433,0,0,0.0002
3434,0,0,0.0002
3435,0,0,0.0002
3436,0,0,0.0859
3437,0,0,0.0003
3438,0,0,0.0019
3439,0,0,0.0155
3440,0,0,0.8456
3441,0,0,0.0002
3442,0,0,0.0092
3443,0,0,1e-04
3444,0,0,0.0003
3445,0,0,0.5205
3446,0,0,0.0003
3447,0,0,0.0003
3448,0,0,1e-04
3449,0,0,0.0004
3450,0,0,0.0002
3451,0,0,0.0027
3452,1,1,0.9991
3453,0,0,1e-04
3454,0,0,0.0003
3455,0,0,0.0002
3456,0,0,0.0004
3457,1,1,0.9977
3458,0,0,1e-04
3459,0,0,0.0002
3460,0,0,0.0002
3461,0,0,0.0121
3462,0,0,0.0002
3463,0,0,1e-04
3464,0,0,1e-04
3465,0,0,0.0002
3466,0,0,0.0002
3467,0,0,0.0004
3468,0,0,0.0003
3469,1,1,0.998
3470,0,0,0.0003
3471,0,0,0.0003
3472,0,0,0.0002
3473,0,0,1e-04
3474,0,0,0.0002
3475,0,0,0.0002
3476,0,0,0.0005
3477,0,0,0.0003
3478,0,0,0.0005
3479,0,0,1e-04
3480,0,0,0.001
3481,0,0,1e-04
3482,0,0,0.0004
3483,0,0,0.0003
3484,0,0,0.0004
3485,0,0,0.0293
3486,0,0,0.0003
3487,0,0,0.0888
3488,0,0,0.0003
3489,0,0,0.0002
3490,0,0,0.0003
3491,0,0,0.0034
3492,0,0,0.0004
3493,0,0,1e-04
3494,0,0,0.0084
3495,0,0,0.0028
3496,0,0,0.0032
3497,0,0,0.0054
3498,0,0,0.0005
3499,0,0,0.0002
3500,0,0,0.0002
3501,0,0,0.0002
3502,0,0,0.4094
3503,0,0,1e-04
3504,0,0,0.0004
3505,0,0,1e-04
3506,0,0,0.0002
3507,0,0,0.0002
3508,0,0,0.0003
3509,0,0,0.0031
3510,0,0,0.0106
3511,0,0,0.0006
3512,0,0,0.0002
3513,0,0,0.0002
3514,0,0,0.0005
3515,0,0,1e-04
3516,0,0,0.0002
3517,0,0,0.0002
3518,0,0,0.0006
3519,0,0,0.0007
3520,0,0,0.0002
3521,0,0,0.3527
3522,0,0,0.0889
3523,0,0,0.0002
3524,0,0,0.0002
3525,0,0,0.0025
3526,0,0,1e-04
3527,0,0,0.0007
3528,0,0,0.0007
3529,0,0,0.0002
3530,0,0,1e-04
3531,0,0,0.0002
3532,0,0,1e-04
3533,0,0,0.0004
3534,0,0,0.0503
3535,0,0,0.0827
3536,0,0,0.2696
3537,0,0,1e-04
3538,0,0,0.0003
3539,0,0,0.0004
3540,0,0,0.0002
3541,0,0,0.0003
3542,0,0,0.001
3543,0,0,1e-04
3544,0,0,0.0007
3545,0,0,0.0002
3546,0,0,1e-04
3547,0,0,0.0077
3548,0,0,0.0002
3549,0,0,0.0002
3550,0,0,0.0004
3551,0,0,0.0515
3552,0,0,0.0002
3553,0,0,0.0002
3554,0,0,1e-04
3555,0,0,0.0376
3556,0,0,0.0008
3557,0,0,1e-04
3558,0,0,0.0002
3559,0,0,0.0025
3560,0,0,0.4424
3561,0,0,0.0838
3562,0,0,0.0003
3563,0,0,0.0003
3564,0,0,0.0003
3565,0,0,0.0005
3566,1,0,0.006
3567,0,0,0.0777
3568,0,0,0.0685
3569,0,0,0.0053
3570,0,0,0.832
3571,0,0,0.0002
3572,0,0,0.0003
3573,0,0,1e-04
3574,0,0,0.0002
3575,0,0,0.009
3576,0,0,0.0014
3577,0,0,0.0002
3578,0,0,0.0002
3579,0,0,0.0264
3580,0,0,0.0118
3581,0,0,0.2763
3582,0,0,0.0003
3583,0,0,0.0715
3584,0,0,0.0002
3585,0,0,0.0005
3586,0,0,1e-04
3587,0,0,0.0003
3588,0,0,0.0006
3589,0,0,1e-04
3590,0,0,0.0002
3591,0,0,0.0002
3592,0,0,0.0002
3593,0,0,0.1586
3594,0,0,0.0003
3595,0,0,1e-04
3596,0,0,0.0002
3597,0,0,0.0004
3598,0,0,0.0004
3599,0,0,1e-04
3600,0,0,0.0004
3601,1,0,0.5254
3602,0,0,1e-04
3603,0,0,0.0004
3604,0,0,0.0005
3605,0,0,0.0004
3606,0,0,0.0002
3607,0,0,0.0002
3608,0,0,0.0002
3609,0,0,0.2995
3610,0,0,0.0028
3611,0,0,0.0003
3612,0,0,0.0002
3613,0,0,0.0007
3614,0,0,0.0017
3615,0,0,0.0002
3616,0,0,0.3584
3617,1,0,0.0178
3618,0,0,0.0004
3619,0,0,0.0004
3620,0,0,0.0003
3621,0,0,0.0064
3622,0,0,0.0011
3623,0,0,0.0002
3624,0,0,0.3137
3625,0,0,0.0003
3626,0,0,0.0003
3627,0,0,0.0002
3628,0,0,0.0208
3629,0,0,0.0003
3630,0,0,0.018
3631,0,0,1e-04
3632,0,0,0.1846
3633,1,1,0.9986
3634,0,0,0.0003
3635,0,0,0.0002
3636,0,0,0.0026
3637,0,0,0.0006
3638,0,0,0.0029
3639,0,0,0.0002
3640,0,0,0.0002
3641,0,0,0.0004
3642,0,0,0.0002
3643,0,0,0.0002
3644,0,0,0.0005
3645,0,0,1e-04
3646,0,0,0.0003
3647,0,0,1e-04
3648,0,0,0.0002
3649,0,0,0.0002
3650,0,0,0.0006
3651,0,0,0.3141
3652,0,0,0.0005
3653,0,0,1e-04
3654,0,0,0.0003
3655,0,0,0.0007
3656,0,0,0.0022
3657,0,0,0.0024
3658,0,0,1e-04
3659,0,0,0.8379
3660,0,0,0.0004
3661,0,0,0.001
3662,0,0,0.0002
3663,0,0,1e-04
3664,0,0,0.0084
3665,0,0,0.0463
3666,0,0,1e-04
3667,0,0,0.0013
3668,0,0,0.0005
3669,0,0,0.0002
3670,0,0,0.0238
3671,0,0,0.0227
3672,0,0,0.001
3673,0,0,1e-04
3674,0,0,0.0004
3675,0,0,0.0006
3676,0,0,1e-04
3677,0,0,0.0209
3678,0,0,0.0366
3679,0,0,0.0002
3680,0,0,0.0004
3681,0,0,0.0156
3682,0,0,0.0007
3683,0,0,0.0004
3684,0,0,0.0002
3685,0,0,0.0002
3686,0,0,0.0004
3687,0,0,0.003
3688,1,1,0.9648
3689,0,0,0.0002
3690,0,0,0.5595
3691,0,0,1e-04
3692,0,0,0.0004
3693,0,0,0.0002
3694,0,0,0.0322
3695,0,0,0.0003
3696,0,0,1e-04
3697,0,0,0.0008
3698,0,0,0.0596
3699,0,0,0.0002
3700,0,0,0.0009
3701,0,0,0.4219
3702,0,0,0.0002
3703,0,0,0.0091
3704,0,0,0.0003
3705,0,0,1e-04
3706,0,0,0.0003
3707,0,0,0.0004
3708,0,0,0.0003
3709,0,0,0.0229
3710,0,0,0.0002
3711,0,0,0.0035
3712,0,0,0.0003
3713,0,0,0.0005
3714,0,0,0.0297
3715,0,0,0.0003
3716,0,0,0.0003
3717,0,0,0.0004
3718,0,0,0.0003
3719,0,0,0.0007
3720,0,0,0.0032
3721,0,0,1e-04
3722,0,0,0.0002
3723,0,0,0.0007
3724,0,0,0.0376
3725,0,0,0.0028
3726,0,0,0.5039
3727,0,0,1e-04
3728,0,0,0.0002
3729,0,0,0.0002
3730,0,0,1e-04
3731,0,0,0.0003
3732,0,0,1e-04
3733,0,0,0.2394
3734,0,0,0.0002
3735,0,0,0.0315
3736,0,0,1e-04
3737,0,0,1e-04
3738,0,0,0.0002
3739,0,0,0.0008
3740,0,0,0.0019
3741,0,0,0.0002
3742,0,0,1e-04
3743,0,0,0.0002
3744,0,0,1e-04
3745,0,0,0.0004
3746,0,0,0.0161
3747,0,0,0.0029
3748,0,0,0.0003
3749,0,0,0.0042
3750,0,0,0.001
3751,0,0,0.023
3752,0,0,0.0003
3753,0,0,0.0004
3754,0,0,0.0057
3755,0,0,0.0044
3756,0,0,0.0002
3757,0,0,0.0003
3758,0,0,0.4056
3759,0,0,0.0002
3760,0,0,0.0011
3761,0,0,0.0032
3762,0,0,0.0003
3763,0,0,0.0004
3764,0,0,0.0002
3765,0,0,0.0006
3766,0,0,0.0003
3767,0,0,0.0009
3768,0,0,0.1367
3769,0,0,0.002
3770,0,0,0.0003
3771,0,0,0.0019
3772,0,0,0.0012
3773,0,0,0.0007
3774,0,0,0.0002
3775,0,0,0.0007
3776,0,0,0.0021
3777,0,0,0.0002
3778,0,0,0.0099
3779,0,0,0.0005
3780,0,0,0.0005
3781,0,0,0.0257
3782,0,0,0.272
3783,0,0,0.0002
3784,0,0,0.0003
3785,0,0,0.0002
3786,0,0,1e-04
3787,0,0,1e-04
3788,0,0,1e-04
3789,0,0,0.0003
3790,0,0,0.0005
3791,0,0,0.0002
3792,0,0,0.0077
3793,0,0,0.0002
3794,0,0,0.0261
3795,0,0,0.0002
3796,0,0,0.2029
3797,0,0,0.0003
3798,0,0,0.0002
3799,0,0,0.005
3800,0,0,0.0003
3801,0,0,1e-04
3802,0,0,0.0576
3803,0,0,0.0057
3804,0,0,0.0002
3805,0,0,0.0002
3806,0,0,0.0012
3807,0,0,0.0002
3808,0,0,0.058
3809,0,0,0.0005
3810,0,0,0.0301
3811,0,0,0.0911
3812,0,0,0.0002
3813,0,0,0.0002
3814,0,0,1e-04
3815,0,0,0.1983
3816,0,0,0.0008
3817,0,0,0.0023
3818,0,0,0.0002
3819,0,0,0.0027
3820,0,0,1e-04
3821,0,0,0.0002
3822,0,0,0.0003
3823,0,0,0.0003
3824,0,0,0.0174
3825,0,0,0.0155
3826,0,0,0.0002
3827,0,0,1e-04
3828,0,0,0.0023
3829,0,0,0.0003
3830,0,0,0.0089
3831,0,0,0.0005
3832,0,0,0.0002
3833,0,0,0.0048
3834,0,0,0.0005
3835,0,0,0.0002
3836,0,0,1e-04
3837,0,0,0.0003
3838,0,0,0.0038
3839,0,0,1e-04
3840,0,0,0.0004
3841,0,0,0.0361
3842,0,0,0.0002
3843,1,1,0.9794
3844,0,0,0.0004
3845,0,0,0.0007
3846,0,0,0.0002
3847,0,0,0.0245
3848,0,0,0.0002
3849,0,0,0.0002
3850,0,0,1e-04
3851,0,0,0.0043
3852,0,0,0.0003
3853,0,0,0.0003
3854,0,0,0.0003
3855,0,0,0.0005
3856,0,0,0.0003
3857,0,0,0.0271
3858,0,0,0.0003
3859,0,0,0.0023
3860,0,0,0.0007
3861,0,0,0.0003
3862,0,0,0.0003
3863,0,0,0.0029
3864,0,0,0.0086
3865,0,0,1e-04
3866,1,1,0.9983
3867,0,0,0.0005
3868,0,0,0.0002
3869,0,0,0.0149
3870,0,0,0.0002
3871,0,0,0.0003
3872,0,0,0.0004
3873,0,0,0.0007
3874,0,0,0.001
3875,0,0,0.0024
3876,0,0,1e-04
3877,0,0,1e-04
3878,0,0,0.0003
3879,0,0,0.0139
3880,0,0,0.0003
3881,0,0,0.1002
3882,0,0,0.8713
3883,0,0,0.3711
3884,0,0,0.0004
3885,0,0,0.0004
3886,0,0,0.0857
3887,0,0,0.0002
3888,0,0,0.0131
3889,0,0,0.0002
3890,0,0,0.0004
3891,0,0,0.0002
3892,0,0,0.0018
3893,0,0,0.0002
3894,0,0,0.0004
3895,0,0,1e-04
3896,0,0,0.0103
3897,0,0,0.001
3898,0,0,0.0255
3899,0,0,0.0003
3900,0,0,0.0025
3901,0,0,0.0005
3902,0,0,0.2853
3903,0,0,0.116
3904,0,0,0.0003
3905,0,0,0.0003
3906,0,0,0.0005
3907,0,0,1e-04
3908,0,0,0.0013
3909,0,0,0.0003
3910,0,0,0.0003
3911,0,0,0.0003
3912,0,0,0.0169
3913,0,0,1e-04
3914,0,0,1e-04
3915,0,0,0.0015
3916,0,0,0.0002
3917,0,0,0.0002
3918,0,0,0.0003
3919,0,0,0.0014
3920,0,0,0.0026
3921,0,0,0.4368
3922,0,0,0.0122
3923,0,0,0.1783
3924,1,1,0.9994
3925,0,0,1e-04
3926,0,0,0.0002
3927,0,0,0.0118
3928,0,0,0.0005
3929,0,0,0.0004
3930,0,0,0.0008
3931,0,0,0.0005
3932,0,0,0.0005
3933,0,0,0.0209
3934,0,0,0.0003
3935,0,0,0.003
3936,0,0,0.0075
3937,0,0,0.0002
3938,0,0,0.0015
3939,1,1,0.954
3940,0,0,1e-04
3941,0,0,1e-04
3942,0,0,0.0002
3943,0,0,0.0002
3944,0,0,0.0002
3945,1,0,0.196
3946,0,0,0.0039
3947,0,0,0.0004
3948,0,0,0.0003
3949,0,0,0.0278
3950,0,0,0.0123
3951,0,0,0.0038
3952,0,0,0.0004
3953,0,0,0.0002
3954,0,0,0.0008
3955,0,0,1e-04
3956,0,0,0.0003
3957,0,0,0.002
3958,0,0,0.0002
3959,0,0,0.0007
3960,0,0,0.0003
3961,0,0,0.0007
3962,0,0,0.0004
3963,0,0,0.004
3964,1,0,0.0396
3965,0,0,0.0002
3966,0,0,0.0012
3967,0,0,0.0004
3968,0,0,0.0002
3969,0,0,0.0195
3970,0,0,0.0004
3971,0,0,1e-04
3972,0,0,0.0012
3973,0,0,0.0002
3974,0,0,0.0005
3975,0,0,1e-04
3976,0,0,1e-04
3977,0,0,0.0002
3978,0,0,0.0
3979,0,0,0.0928
3980,0,0,0.0002
3981,0,0,0.014
3982,0,0,0.8467
3983,0,0,0.0004
3984,0,0,0.0003
3985,0,0,1e-04
3986,0,0,0.0002
3987,0,0,0.0002
3988,0,0,0.0002
3989,0,0,0.0094
3990,0,0,0.0003
3991,0,0,1e-04
3992,0,0,0.0004
3993,1,0,0.0187
3994,0,0,0.0003
3995,0,0,0.0002
3996,0,0,0.0003
3997,0,0,0.4197
3998,0,0,1e-04
3999,0,0,0.0003
4000,0,0,0.0002
4001,0,0,0.0028
4002,0,0,0.0002
4003,0,0,0.0002
4004,0,0,0.0011
4005,0,0,0.0003
4006,0,0,0.0002
4007,0,0,1e-04
4008,0,0,0.0039
4009,0,0,0.0829
4010,0,0,0.0003
4011,0,0,0.3926
4012,0,0,0.0063
4013,0,0,0.0015
4014,0,0,0.002
4015,0,0,1e-04
4016,0,0,0.0002
4017,0,0,0.0002
4018,0,0,0.2486
4019,0,0,0.0004
4020,0,0,0.0002
4021,0,0,0.0014
4022,0,0,1e-04
4023,0,0,0.0003
4024,0,0,0.0049
4025,0,0,0.0003
4026,0,0,0.2018
4027,0,0,0.0233
4028,0,0,0.0033
4029,0,0,0.0004
4030,0,0,0.0004
4031,0,0,1e-04
4032,0,0,0.0002
4033,0,0,1e-04
4034,0,0,0.0002
4035,0,0,0.0002
4036,0,0,0.0002
4037,0,0,0.0002
4038,0,0,0.0142
4039,0,0,0.2739
4040,0,0,0.4022
4041,0,0,0.0237
4042,0,0,0.0002
4043,0,0,0.0002
4044,0,0,0.0022
4045,0,0,0.0002
4046,0,0,0.0175
4047,0,0,0.0038
4048,0,0,0.0004
4049,0,0,0.0027
4050,0,0,0.0003
4051,0,0,1e-04
4052,0,0,0.0005
4053,0,0,0.0004
4054,0,0,0.0002
4055,1,0,0.8934
4056,0,0,0.0004
4057,0,0,0.0003
4058,0,0,0.0003
4059,0,0,1e-04
4060,0,0,0.0024
4061,0,0,0.0015
4062,0,0,0.0016
4063,0,0,0.0003
4064,0,0,0.0002
4065,0,0,0.0004
4066,0,0,0.0434
4067,0,0,1e-04
4068,0,0,0.001
4069,0,0,0.0007
4070,0,0,0.0003
4071,0,0,0.0003
4072,0,0,1e-04
4073,0,0,0.0005
4074,0,0,0.3891
4075,0,0,0.0233
4076,0,0,1e-04
4077,0,0,1e-04
4078,0,0,0.0024
4079,0,0,0.0012
4080,0,0,0.0007
4081,0,0,1e-04
4082,0,0,0.0058
4083,0,0,0.0004
4084,0,0,0.0002
4085,0,0,0.0002
4086,1,1,0.9954
4087,0,0,0.0005
4088,0,0,1e-04
4089,0,0,0.0024
4090,0,0,0.0002
4091,0,0,0.0002
4092,0,0,0.0023
4093,0,0,0.1074
4094,0,0,1e-04
4095,0,0,0.0005
4096,0,0,0.001
4097,0,0,0.0011
4098,0,0,0.0023
4099,0,0,0.0003
4100,0,0,0.0074
4101,0,0,0.0008
4102,0,0,0.0029
4103,0,0,0.0011
4104,0,0,0.0138
4105,0,0,0.0633
4106,0,0,0.0013
4107,0,0,0.0075
4108,0,0,0.0145
4109,0,0,0.0002
4110,0,0,0.0004
4111,0,0,0.1113
4112,0,0,0.0518
4113,0,0,1e-04
4114,0,0,0.0119
4115,0,0,0.0714
4116,0,0,0.2718
4117,0,0,0.0006
4118,0,0,0.0017
4119,0,0,0.002
4120,0,0,0.0004
4121,0,0,0.0118
4122,0,0,0.0007
4123,0,0,0.0005
4124,0,0,0.0033
4125,0,0,0.0301
4126,0,0,0.001
4127,0,0,0.0014
4128,0,0,0.5547
4129,0,0,0.0005
4130,0,0,0.2704
4131,0,0,0.0008
4132,0,0,0.0137
4133,0,0,0.8245
4134,0,0,0.0682
4135,0,0,0.0004
4136,0,0,0.011
4137,0,0,0.0004
4138,1,1,0.9945
4139,0,0,0.8753
4140,0,0,0.0003
4141,0,0,0.0028
4142,0,0,0.0002
4143,0,0,0.0003
4144,0,0,0.022
4145,0,0,0.0005
4146,0,0,0.001
4147,0,0,0.0004
4148,0,0,0.0002
4149,0,0,0.0058
4150,0,0,0.001
4151,0,0,0.0005
4152,0,0,0.0006
4153,0,0,0.0008
4154,0,0,1e-04
4155,0,0,0.0873
4156,0,0,0.0014
4157,0,0,0.0007
4158,0,0,0.0002
4159,0,0,0.0004
4160,0,0,0.4147
4161,0,0,0.003
4162,0,0,0.0019
4163,0,0,0.0003
4164,0,0,0.0198
4165,1,0,0.0018
4166,1,1,0.9994
4167,0,0,0.0082
4168,0,0,0.0006
4169,0,0,0.0091
4170,0,0,0.0193
4171,0,0,0.0005
4172,0,0,0.0021
4173,0,0,0.0003
4174,0,0,0.0002
4175,0,0,0.0011
4176,0,0,1e-04
4177,0,0,0.0019
4178,0,0,0.0004
4179,0,0,0.0108
4180,0,0,0.0035
4181,0,0,0.0006
4182,0,0,0.0002
4183,0,0,0.0006
4184,0,0,1e-04
4185,0,0,0.0025
4186,0,0,0.0057
4187,0,0,0.0002
4188,0,0,0.0104
4189,0,0,0.0179
4190,1,1,0.9971
4191,0,0,0.16
4192,0,0,0.0004
4193,0,0,0.0011
4194,0,0,0.0027
4195,0,0,0.0026
4196,0,0,0.0024
4197,0,0,0.1782
4198,0,0,0.0115
4199,0,0,0.0022
4200,0,0,0.0012
4201,0,0,0.0122
4202,0,0,0.0653
4203,0,0,0.076
4204,0,0,0.2397
4205,1,1,0.9857
4206,0,0,0.0026
4207,0,0,0.0016
4208,0,0,0.0003
4209,1,1,0.9986
4210,0,0,0.005
4211,0,0,1e-04
4212,0,0,0.0016
4213,0,0,0.0004
4214,1,0,0.838
4215,0,0,0.0002
4216,0,0,0.0016
4217,0,0,0.01
4218,0,0,0.0003
4219,0,0,0.0005
4220,0,0,0.0004
4221,0,0,0.0413
4222,0,0,0.0143
4223,0,0,1e-04
4224,0,0,0.018
4225,0,0,0.0002
4226,0,0,0.0025
4227,0,0,0.0009
4228,0,0,0.0014
4229,0,0,0.0106
4230,0,0,0.0203
4231,0,0,0.0002
4232,0,0,0.0003
4233,0,0,0.0021
4234,0,0,0.0002
4235,0,0,0.0005
4236,0,0,0.0004
4237,0,0,0.0005
4238,1,0,0.8536
4239,0,0,0.0014
4240,0,0,0.0027
4241,0,0,0.0003
4242,0,0,0.0004
4243,0,0,0.0018
4244,0,0,1e-04
4245,0,0,0.6187
4246,0,0,0.0002
4247,0,0,0.0003
4248,0,0,0.03
4249,0,0,0.0002
4250,0,0,0.0043
4251,0,0,0.0008
4252,0,0,0.001
4253,0,0,0.0004
4254,0,0,0.0002
4255,0,0,0.0717
4256,0,0,0.0022
4257,0,0,0.0006
4258,0,0,0.0015
4259,0,0,0.0005
4260,0,0,0.0133
4261,0,0,0.4545
4262,0,0,0.0011
4263,0,0,0.0054
4264,0,0,0.0005
4265,0,0,0.0217
4266,0,0,0.0031
4267,0,0,0.0166
4268,0,0,0.0004
4269,0,0,0.004
4270,0,0,0.0065
4271,0,0,0.0002
4272,0,0,0.0017
4273,0,0,1e-04
4274,0,0,0.0002
4275,0,0,0.0004
4276,0,0,1e-04
4277,0,0,0.0007
4278,0,0,0.0013
4279,0,0,0.0015
4280,0,0,0.006
4281,0,0,0.006
4282,0,0,0.0002
4283,0,0,0.0515
4284,0,0,0.0004
4285,0,0,0.5573
4286,0,0,1e-04
4287,0,0,0.0002
4288,0,0,0.0003
4289,0,0,0.0004
4290,0,0,0.0003
4291,0,0,0.0548
4292,0,0,0.0009
4293,0,0,0.0052
4294,0,0,0.0003
4295,0,0,0.0009
4296,0,0,0.0011
4297,0,0,0.001
4298,0,0,0.0018
4299,0,0,0.0008
4300,0,0,0.0075
4301,0,0,0.0016
4302,0,0,0.0018
4303,0,0,0.001
4304,0,0,0.0104
4305,0,0,0.0024
4306,0,0,0.0003
4307,0,0,0.0005
4308,0,0,0.0002
4309,0,0,0.0008
4310,1,0,0.4184
4311,0,0,0.0002
4312,0,0,0.0002
4313,0,0,0.2282
4314,0,0,1e-04
4315,0,0,0.0172
4316,0,0,0.0003
4317,0,0,0.0055
4318,0,0,0.0003
4319,0,0,0.0146
4320,0,0,0.0022
4321,0,0,0.0029
4322,0,0,0.0095
4323,0,0,0.0004
4324,0,0,0.0016
4325,0,0,0.0005
4326,0,0,0.1611
4327,0,0,0.0013
4328,0,0,0.0284
4329,0,0,0.0002
4330,0,0,0.0004
4331,0,0,0.0052
4332,0,0,0.0002
4333,0,0,0.0052
4334,0,0,0.0294
4335,0,0,0.012
4336,0,0,0.0004
4337,0,0,0.0029
4338,0,0,0.0017
4339,0,0,0.0737
4340,0,0,0.0003
4341,0,0,0.0973
4342,0,0,0.0011
4343,0,0,0.0194
4344,0,0,0.0003
4345,0,0,0.0002
4346,0,0,0.0035
4347,0,0,0.0011
4348,0,0,0.0004
4349,0,0,0.0015
4350,0,0,1e-04
4351,0,0,0.0016
4352,0,0,0.0044
4353,0,0,0.0015
4354,0,0,0.0012
4355,0,0,0.0156
4356,0,0,0.0035
4357,0,0,0.0064
4358,0,0,0.008
4359,0,0,0.0002
4360,0,0,0.0003
4361,0,0,0.014
4362,0,0,0.0066
4363,0,0,0.0002
4364,0,0,0.0014
4365,0,0,0.0027
4366,0,0,0.0099
4367,0,0,0.0004
4368,0,0,0.0003
4369,0,0,0.0213
4370,0,0,0.0014
4371,0,0,0.0002
4372,0,0,1e-04
4373,0,0,0.0257
4374,0,0,0.0021
4375,0,0,0.0088
4376,0,0,0.0019
4377,0,0,0.0024
4378,0,0,0.0004
4379,0,0,0.0018
4380,0,0,0.0004
4381,0,0,0.0046
4382,1,1,0.9994
4383,0,0,0.0015
4384,0,0,1e-04
4385,0,0,0.0007
4386,0,0,0.0019
4387,0,0,0.0002
4388,0,0,0.0047
4389,0,0,0.003
4390,0,0,0.2465
4391,0,0,0.0015
4392,0,0,0.0058
4393,0,0,0.0003
4394,0,0,0.0293
4395,0,0,0.0009
4396,0,0,0.0006
4397,1,1,0.987
4398,0,0,0.0172
4399,0,0,0.0014
4400,0,0,0.0508
4401,0,0,0.002
4402,0,0,0.0029
4403,0,0,0.0081
4404,0,0,0.0008
4405,0,0,1e-04
4406,0,0,0.087
4407,0,0,0.0018
4408,0,0,0.0013
4409,0,0,0.0024
4410,0,0,0.0002
4411,0,0,0.001
4412,0,0,0.0003
4413,0,0,0.761
4414,0,0,0.0004
4415,0,0,0.4596
4416,0,0,0.0003
4417,0,0,0.0885
4418,0,0,0.0287
4419,0,0,0.0889
4420,0,0,0.0002
4421,0,0,0.006
4422,0,0,0.0064
4423,0,0,0.0004
4424,0,0,0.0035
4425,0,0,0.0003
4426,0,0,0.0002
4427,0,0,0.0002
4428,0,0,0.0013
4429,0,0,0.0003
4430,0,0,0.0003
4431,0,0,0.0003
4432,0,0,0.0005
4433,0,0,1e-04
4434,0,0,0.0066
4435,0,0,0.0021
4436,0,0,0.0004
4437,0,0,0.0012
4438,0,0,0.0005
4439,0,0,0.0029
4440,0,0,0.0017
4441,0,1,0.9373
4442,0,0,0.0016
4443,0,0,0.0011
4444,0,0,0.0012
4445,0,0,0.0006
4446,0,0,0.1759
4447,0,0,0.0303
4448,0,0,0.0042
4449,0,0,0.001
4450,0,0,0.004
4451,0,0,0.0007
4452,0,0,0.0003
4453,0,0,0.0024
4454,0,0,0.0003
4455,0,0,0.0002
4456,0,0,1e-04
4457,0,0,0.0006
4458,0,0,0.0045
4459,0,0,0.0011
4460,0,0,0.0021
4461,0,0,0.0004
4462,0,0,0.0016
4463,0,0,0.0088
4464,0,0,0.0023
4465,0,0,0.0194
4466,0,0,0.0014
4467,0,0,0.1396
4468,0,0,0.0204
4469,0,0,0.1272
4470,0,0,0.0006
4471,0,0,0.0241
4472,0,0,0.0038
4473,0,0,0.2226
4474,0,0,0.0004
4475,0,0,0.0003
4476,0,0,0.3072
4477,0,0,0.0067
4478,1,0,0.0011
4479,0,0,1e-04
4480,0,0,0.0013
4481,0,0,0.0165
4482,1,1,0.9992
4483,0,0,0.0002
4484,0,0,0.0002
4485,0,0,0.0109
4486,0,0,0.0006
4487,0,0,0.0002
4488,0,0,0.0143
4489,0,0,0.0155
4490,0,0,0.0048
4491,0,0,0.0036
4492,0,0,0.7903
4493,0,0,0.0003
4494,0,0,0.0096
4495,0,0,0.0003
4496,0,0,0.0006
4497,0,0,0.0014
4498,0,0,0.0053
4499,0,0,1e-04
4500,0,0,0.0016
4501,0,0,0.0008
4502,0,0,0.0038
4503,0,0,0.0216
4504,0,0,0.0007
4505,0,0,0.0024
4506,0,0,0.0024
4507,0,0,0.1427
4508,0,0,0.0003
4509,0,0,0.0016
4510,0,0,0.0031
4511,0,0,0.0019
4512,0,0,0.001
4513,0,0,0.0015
4514,0,0,0.0008
4515,0,0,0.0153
4516,0,0,0.0002
4517,0,0,0.0094
4518,0,0,0.0023
4519,0,0,0.0004
4520,0,0,0.0004
4521,0,0,0.0014
4522,0,0,0.0006
4523,1,0,0.018
4524,0,0,0.0014
4525,0,0,0.0058
4526,0,0,0.037
4527,0,0,0.1207
4528,0,0,0.0002
4529,0,0,0.0014
4530,0,0,0.0014
4531,0,0,0.1319
4532,0,0,0.0042
4533,0,0,0.0014
4534,0,0,0.0018
4535,0,0,0.1835
4536,0,0,0.0103
4537,0,0,0.0003
4538,0,0,0.0002
4539,0,0,0.0037
4540,0,0,0.0065
4541,0,0,0.0028
4542,0,0,0.0012
4543,0,0,0.0828
4544,0,0,0.0015
4545,0,0,0.0055
4546,0,0,0.0084
4547,0,0,0.0006
4548,0,0,0.0002
4549,0,0,0.0005
4550,0,0,0.0018
4551,0,0,0.0008
4552,0,0,0.0004
4553,0,0,0.0013
4554,0,0,0.0005
4555,0,0,0.0046
4556,0,0,0.0031
4557,0,0,0.0002
4558,0,0,0.0029
4559,0,0,0.0037
4560,0,0,0.0068
4561,0,0,0.0074
4562,1,1,0.9934
4563,0,0,0.0023
4564,0,0,1e-04
4565,0,0,0.0003
4566,0,0,0.0013
4567,0,0,0.3394
4568,0,0,0.0024
4569,0,0,0.0023
4570,0,0,0.0025
4571,0,0,0.5067
4572,0,0,0.0002
4573,0,0,0.3784
4574,0,0,0.0004
4575,0,0,0.0003
4576,0,0,0.0012
4577,0,0,0.0014
4578,0,0,0.0004
4579,0,0,0.0118
4580,0,0,0.001
4581,0,0,0.0017
4582,0,0,1e-04
4583,0,0,0.0005
4584,0,0,0.0002
4585,0,0,0.0051
4586,0,0,0.0004
4587,0,0,0.0021
4588,0,0,0.0002
4589,0,0,0.0155
4590,0,0,0.0088
4591,0,0,0.0003
4592,0,0,0.1954
4593,0,0,0.0076
4594,1,1,0.936
4595,0,0,0.0008
4596,0,0,0.0003
4597,0,0,0.0023
4598,0,0,0.0002
4599,0,0,0.001
4600,0,0,0.0003
4601,0,0,0.0002
4602,0,0,0.0002
4603,0,0,0.0006
4604,0,0,0.002
4605,0,0,0.004
4606,0,0,0.0011
4607,0,0,0.0033
4608,0,0,0.3521
4609,0,0,0.0011
4610,0,0,1e-04
4611,0,0,0.0035
4612,0,0,0.0597
4613,0,0,0.0047
4614,0,0,0.0113
4615,0,0,0.0019
4616,0,0,0.0021
4617,0,0,0.0002
4618,0,0,0.0006
4619,0,0,0.008
4620,0,0,1e-04
4621,0,0,0.003
4622,0,0,0.0004
4623,0,0,0.0024
4624,0,0,0.0023
4625,0,0,0.0005
4626,0,0,1e-04
4627,0,0,0.0047
4628,0,0,1e-04
4629,0,0,0.0004
4630,0,0,0.0031
4631,0,0,0.0003
4632,0,0,0.001
4633,0,0,0.0017
4634,0,0,0.0005
4635,0,0,0.0002
4636,0,0,0.0002
4637,0,0,0.0002
4638,0,0,0.0014
4639,0,0,1e-04
4640,0,0,0.0019
4641,0,0,0.0034
4642,0,0,0.0023
4643,0,0,0.0005
4644,0,0,0.0544
4645,0,0,1e-04
4646,0,0,0.0005
4647,0,0,0.0007
4648,0,0,0.0069
4649,0,0,0.0195
4650,0,0,0.0184
4651,0,0,0.0002
4652,0,0,0.0007
4653,0,0,0.0003
4654,0,0,0.0689
4655,0,0,0.0002
4656,0,0,0.0003
4657,0,0,0.0004
4658,0,0,0.0042
4659,0,0,0.0008
4660,0,0,0.0002
4661,0,0,0.0038
4662,0,0,0.0057
4663,1,0,0.001
4664,0,0,0.0045
4665,0,0,0.0018
4666,0,0,0.0061
4667,0,0,0.0005
4668,1,0,0.6567
4669,0,0,0.0012
4670,0,0,0.0013
4671,0,0,0.0017
4672,0,0,0.0027
4673,0,0,0.0052
4674,0,0,0.0401
4675,0,0,0.0004
4676,0,0,0.2097
4677,0,0,1e-04
4678,0,0,1e-04
4679,0,0,1e-04
4680,0,0,0.002
4681,0,0,0.1824
4682,0,0,0.0139
4683,0,0,0.6144
4684,0,0,0.0003
4685,1,0,0.0775
4686,0,0,0.0152
4687,0,0,0.0002
4688,0,0,0.0003
4689,0,0,0.0887
4690,0,0,0.0004
4691,0,0,1e-04
4692,0,0,0.0003
4693,0,0,0.0003
4694,0,0,0.013
4695,0,0,0.0024
4696,1,1,0.996
4697,0,0,0.0007
4698,0,0,0.0045
4699,0,0,1e-04
4700,0,0,0.0006
4701,0,0,0.0331
4702,0,0,0.0035
4703,0,0,1e-04
4704,0,0,0.0002
4705,0,0,0.0048
4706,0,0,0.1951
4707,0,0,0.0026
4708,0,0,0.4002
4709,0,0,0.096
4710,0,0,1e-04
4711,0,0,0.001
4712,0,0,0.172
4713,0,0,0.0002
4714,0,0,0.0012
4715,0,0,0.0262
4716,0,0,0.3177
4717,0,0,0.0002
4718,0,0,0.0026
4719,0,0,0.0002
4720,1,0,0.4224
4721,0,0,0.0022
4722,0,0,0.0107
4723,0,0,0.0018
4724,0,0,0.003
4725,0,0,0.0003
4726,0,0,0.4144
4727,0,0,0.0035
4728,0,0,0.0014
4729,0,0,0.1315
4730,0,0,0.0008
4731,0,0,0.0007
4732,0,0,0.0002
4733,0,0,0.0005
4734,0,0,0.0003
4735,0,0,0.0084
4736,0,0,0.0004
4737,0,0,0.0004
4738,0,0,0.0005
4739,0,0,0.0026
4740,0,0,0.0003
4741,0,0,0.0014
4742,0,0,0.0005
4743,0,0,0.0004
4744,0,0,0.001
4745,0,0,0.1843
4746,0,0,0.0002
4747,0,0,0.0003
4748,0,0,0.0009
4749,0,0,0.001
4750,0,0,1e-04
4751,0,0,0.0175
4752,0,0,0.0014
4753,0,0,0.0002
4754,0,0,0.0018
4755,1,1,0.9988
4756,0,0,0.0026
4757,0,0,0.004
4758,0,0,0.0008
4759,0,0,0.0003
4760,0,0,0.0005
4761,0,0,0.0015
4762,0,0,0.0053
4763,0,0,0.0029
4764,0,0,0.0043
4765,0,0,0.0073
4766,0,0,0.0011
4767,0,0,1e-04
4768,0,0,0.0009
4769,1,1,0.9994
4770,0,0,0.001
4771,0,0,0.0007
4772,0,0,0.0006
4773,0,0,0.0004
4774,0,0,0.0019
4775,0,0,0.0008
4776,0,0,0.0002
4777,0,0,0.0004
4778,0,0,0.0003
4779,0,0,0.0004
4780,0,0,0.0007
4781,0,0,0.0017
4782,0,0,1e-04
4783,0,0,1e-04
4784,0,0,0.001
4785,0,0,0.7527
4786,0,0,0.0019
4787,0,0,0.0002
4788,0,0,0.0003
4789,0,0,0.0084
4790,0,0,0.0013
4791,0,0,0.0006
4792,0,0,0.003
4793,0,0,0.0005
4794,0,0,0.0019
4795,0,0,0.0065
4796,0,0,0.0007
4797,0,0,0.0002
4798,0,0,0.0017
4799,0,1,0.9066
4800,0,0,0.0181
4801,0,0,0.0668
4802,0,0,0.8489
4803,0,0,0.0055
4804,0,0,0.003
4805,0,0,0.0004
4806,0,0,0.009
4807,0,0,1e-04
4808,0,0,0.0045
4809,0,0,0.0411
4810,0,0,0.001
4811,0,0,0.0008
4812,0,0,1e-04
4813,0,0,0.0123
4814,0,0,0.3929
4815,0,0,0.7335
4816,0,0,0.4183
4817,0,0,0.0011
4818,0,0,0.0006
4819,0,0,1e-04
4820,0,0,1e-04
4821,0,0,0.0003
4822,0,0,0.0772
4823,0,0,0.001
4824,0,0,0.4694
4825,0,0,0.002
4826,0,0,0.0006
4827,0,0,0.0037
4828,0,0,0.0095
4829,0,0,0.0205
4830,0,0,0.0016
4831,0,0,0.0002
4832,0,0,0.0181
4833,0,0,0.0002
4834,0,0,0.0008
4835,0,0,0.0027
4836,0,0,0.0013
4837,0,0,0.0003
4838,0,0,0.1366
4839,0,0,0.0003
4840,0,0,0.0281
4841,0,0,0.0009
4842,0,0,0.032
4843,0,0,0.0017
4844,0,0,0.0018
4845,0,0,0.3244
4846,0,0,0.0013
4847,0,0,0.0154
4848,0,0,0.0024
4849,0,0,1e-04
4850,0,0,1e-04
4851,0,0,0.0003
4852,0,0,0.0002
4853,0,0,1e-04
4854,0,0,0.0266
4855,0,0,0.5879
4856,0,0,0.0022
4857,0,0,0.0023
4858,0,0,0.0013
4859,0,0,0.0006
4860,0,0,1e-04
4861,0,0,0.6271
4862,0,0,0.0004
4863,0,0,0.0055
4864,0,0,0.001
4865,0,0,0.5636
4866,0,0,0.0018
4867,0,0,0.0012
4868,0,0,0.0004
4869,0,0,0.0002
4870,0,0,0.0004
4871,0,0,1e-04
4872,0,0,1e-04
4873,0,0,0.0012
4874,0,0,1e-04
4875,0,0,0.0003
4876,1,0,0.8079
4877,1,0,0.8637
4878,0,0,0.0019
4879,0,0,0.0006
4880,0,0,0.0003
4881,0,0,0.001
4882,0,0,0.0007
4883,0,0,0.0004
4884,1,0,0.0555
4885,0,0,0.0013
4886,0,0,0.0004
4887,0,0,0.0223
4888,0,0,0.0002
4889,0,0,1e-04
4890,0,0,0.0002
4891,0,0,0.0013
4892,0,0,0.0731
4893,0,0,1e-04
4894,0,0,0.001
4895,0,0,0.0044
4896,0,0,0.0016
4897,0,0,0.3549
4898,0,0,0.0002
4899,0,0,0.0002
4900,0,0,0.0007
4901,0,0,1e-04
4902,0,0,0.0004
4903,0,0,0.0013
4904,0,0,0.0003
4905,0,0,0.0002
4906,0,0,0.0063
4907,0,0,0.0004
4908,0,0,0.0004
4909,0,0,1e-04
4910,0,0,0.015
4911,0,0,0.0003
4912,0,0,0.0003
4913,0,0,0.0014
4914,0,0,0.0304
4915,0,0,0.0003
4916,1,0,0.3874
4917,0,0,0.0003
4918,0,0,0.0066
4919,0,0,0.0007
4920,0,0,0.004
4921,0,0,0.0761
4922,0,0,0.0005
4923,0,0,1e-04
4924,0,0,0.0526
4925,0,0,0.0003
4926,0,0,0.3192
4927,0,0,0.01
4928,0,0,0.0004
4929,0,0,0.0241
4930,1,1,0.9984
4931,0,0,0.0004
4932,0,0,0.0282
4933,0,0,0.0008
4934,0,0,0.0249
4935,0,0,0.0006
4936,0,0,0.0002
4937,0,0,0.0004
4938,0,0,1e-04
4939,0,0,0.0002
4940,0,0,0.0424
4941,0,0,0.012
4942,0,0,0.0002
4943,0,0,0.0067
4944,0,0,0.0002
4945,0,0,0.0092
4946,0,0,0.0003
4947,0,0,0.0004
4948,0,0,0.0002
4949,0,0,0.0005
4950,0,0,0.0015
4951,0,0,0.0002
4952,0,0,0.0038
4953,0,0,0.0025
4954,0,0,0.0006
4955,0,0,0.0002
4956,0,0,1e-04
4957,0,0,0.0046
4958,0,0,0.0462
4959,0,0,0.0007
4960,0,0,0.0003
4961,0,0,0.0188
4962,0,0,0.0003
4963,0,0,0.4518
4964,0,0,0.3334
4965,1,0,0.5449
4966,0,0,0.0011
4967,0,0,0.0007
4968,0,0,0.0002
4969,0,0,1e-04
4970,0,0,0.0002
4971,0,0,0.0003
4972,0,0,0.0041
4973,0,0,0.0038
4974,0,0,0.0004
4975,0,0,0.0384
4976,0,0,0.0004
4977,0,0,0.0032
4978,0,0,0.0002
4979,0,0,1e-04
4980,0,0,0.4255
4981,0,0,0.0191
4982,0,0,0.0013
4983,1,1,0.9874
4984,0,0,0.7241
4985,0,0,1e-04
4986,0,0,0.0011
4987,0,0,0.0006
4988,0,0,0.0041
4989,0,0,0.0005
4990,0,0,0.0002
4991,0,0,0.0012
4992,1,1,0.9984
4993,0,0,0.0004
4994,0,0,0.0021
4995,0,0,0.0011
4996,0,0,0.0037
4997,0,0,0.0016
4998,0,0,0.0008
4999,0,0,1e-04
5000,0,0,0.0021
5001,0,0,0.002
5002,0,0,0.0002
5003,0,0,0.0004
5004,0,0,0.0023
5005,0,0,0.0024
5006,0,0,0.0016
5007,0,0,0.0081
5008,0,0,0.0048
5009,0,0,0.0163
5010,0,0,0.0005
5011,0,0,0.0004
5012,1,0,0.285
5013,1,0,0.0132
5014,0,0,0.0004
5015,0,0,0.0668
5016,0,0,0.0014
5017,0,0,0.0109
5018,0,0,0.0008
5019,0,0,0.0003
5020,0,0,0.0023
5021,0,0,0.0011
5022,0,0,0.0002
5023,0,0,0.0014
5024,0,0,0.0058
5025,0,0,0.0011
5026,0,0,0.0101
5027,0,0,0.0003
5028,1,1,0.9509
5029,0,0,0.0124
5030,0,0,1e-04
5031,0,0,0.0091
5032,0,0,0.0688
5033,0,0,0.011
5034,0,0,0.0003
5035,0,0,0.0009
5036,0,0,0.0107
5037,0,0,0.004
5038,0,0,0.0043
5039,0,0,0.0078
5040,0,0,0.0002
5041,0,0,1e-04
5042,0,0,0.0005
5043,0,0,0.0003
5044,0,0,0.0004
5045,0,0,0.0012
5046,0,0,0.0004
5047,0,0,0.0017
5048,0,0,0.1006
5049,0,0,0.0019
5050,0,0,0.001
5051,0,0,0.0018
5052,0,0,0.0004
5053,0,0,0.0004
5054,0,0,0.0134
5055,0,0,0.0002
5056,0,0,0.001
5057,0,0,0.0014
5058,0,0,1e-04
5059,0,0,1e-04
5060,1,1,0.9982
5061,0,0,0.0525
5062,0,0,0.0003
5063,0,0,0.0002
5064,0,0,0.0018
5065,0,0,0.0007
5066,0,0,0.0046
5067,1,1,0.9959
5068,0,0,0.0145
5069,0,0,1e-04
5070,0,0,0.0009
5071,0,0,0.1702
5072,0,0,0.0009
5073,0,0,0.0023
5074,0,0,0.0012
5075,0,0,0.0242
5076,0,0,0.0389
5077,0,0,0.0009
5078,0,0,0.0021
5079,0,0,0.006
5080,1,0,0.862
5081,0,0,0.0002
5082,0,0,0.0395
5083,0,0,0.4548
5084,0,0,0.0011
5085,0,0,0.0032
5086,0,0,0.0005
5087,0,0,0.0009
5088,0,0,0.0005
5089,0,0,0.0089
5090,0,0,0.001
5091,0,0,0.002
5092,0,0,0.0017
5093,0,0,0.0013
5094,0,0,0.0011
5095,0,0,0.0002
5096,0,0,0.0005
5097,0,0,0.0006
5098,0,0,0.0095
5099,0,0,1e-04
5100,0,0,1e-04
5101,0,0,0.0005
5102,0,0,0.0009
5103,0,0,0.255
5104,0,0,1e-04
5105,0,0,0.0019
5106,0,0,0.0389
5107,0,0,0.2011
5108,0,0,0.0003
5109,0,0,1e-04
5110,0,0,0.0056
5111,0,0,0.0005
5112,0,0,0.0005
5113,0,0,0.0006
5114,0,0,0.0006
5115,0,0,0.0008
5116,0,0,0.0003
5117,0,0,0.1248
5118,0,0,1e-04
5119,1,1,0.9387
5120,0,0,0.041
5121,0,0,0.0002
5122,0,0,0.0002
5123,0,0,0.0401
5124,0,0,0.0002
5125,0,0,0.0008
5126,0,0,0.0144
5127,0,0,0.48
5128,0,0,1e-04
5129,0,0,1e-04
5130,0,0,0.0008
5131,0,0,0.0105
5132,0,0,0.0073
5133,0,0,0.0005
5134,0,0,0.0159
5135,0,0,0.0015
5136,0,0,0.0046
5137,0,0,0.0241
5138,0,0,0.0003
5139,0,0,0.0005
5140,0,0,0.0105
5141,0,0,0.0021
5142,0,0,0.0002
5143,0,0,1e-04
5144,0,0,0.0002
5145,0,0,1e-04
5146,0,0,0.0002
5147,0,0,0.0004
5148,0,0,0.0002
5149,0,0,0.0002
5150,0,0,1e-04
5151,0,0,0.0002
5152,0,0,0.0006
5153,0,0,0.0002
5154,0,0,0.0003
5155,0,0,0.0002
5156,0,0,0.0002
5157,1,1,0.9983
5158,0,0,0.0003
5159,0,0,0.0005
5160,0,0,1e-04
5161,0,0,0.0002
5162,0,0,0.0002
5163,0,0,0.053
5164,0,0,0.0005
5165,0,0,0.0009
5166,0,0,0.0019
5167,0,0,0.0042
5168,0,0,0.0002
5169,0,0,0.001
5170,0,0,0.0003
5171,0,0,0.0012
5172,0,0,0.0035
5173,0,0,0.0012
5174,0,0,0.5199
5175,0,0,0.0015
5176,0,0,0.1158
5177,0,0,1e-04
5178,0,0,0.0002
5179,0,0,0.0003
5180,0,0,0.0305
5181,0,0,0.0072
5182,0,0,0.0003
5183,0,0,0.0002
5184,1,0,0.7123
5185,0,0,0.0002
5186,0,0,0.0028
5187,0,0,0.0515
5188,1,1,0.9987
5189,0,0,1e-04
5190,0,0,0.0002
5191,0,0,0.0025
5192,0,0,0.0003
5193,0,0,0.0002
5194,0,0,0.0004
5195,0,0,0.0012
5196,0,0,0.0005
5197,0,0,0.0059
5198,0,0,0.0036
5199,0,0,0.0002
5200,0,0,0.0002
5201,0,0,0.0024
5202,0,0,0.0007
5203,0,0,0.0002
5204,0,0,0.0002
5205,0,0,0.007
5206,0,0,0.0004
5207,0,0,0.0022
5208,0,0,1e-04
5209,0,0,0.0007
5210,0,0,0.1254
5211,0,0,0.0002
5212,0,0,0.0575
5213,0,0,0.0022
5214,0,0,0.0003
5215,0,0,0.0143
5216,0,0,0.0003
5217,0,0,0.0024
5218,1,0,0.8446
5219,0,0,1e-04
5220,0,0,0.0855
5221,0,0,0.0376
5222,0,0,0.011
5223,0,0,0.0015
5224,0,0,0.0003
5225,0,0,0.0013
5226,0,0,0.1204
5227,0,0,0.0002
5228,0,0,0.0005
5229,0,0,0.1615
5230,0,0,0.3812
5231,0,0,0.0112
5232,0,0,0.0002
5233,0,0,0.0007
5234,0,0,0.0353
5235,0,0,0.0002
5236,0,0,0.0005
5237,0,0,0.0003
5238,0,0,0.0005
5239,0,0,0.002
5240,0,0,0.0043
5241,0,0,0.035
5242,0,0,0.3142
5243,0,0,0.06
5244,0,0,0.0002
5245,0,0,0.0029
5246,0,0,0.0036
5247,0,0,0.0031
5248,0,0,0.0005
5249,0,0,0.0026
5250,0,0,0.0054
5251,0,0,1e-04
5252,0,0,0.0037
5253,0,0,0.002
5254,0,0,0.0004
5255,0,0,0.0003
5256,0,0,1e-04
5257,0,0,0.0
5258,0,0,1e-04
5259,0,0,0.0002
5260,0,0,0.0024
5261,1,1,0.9991
5262,0,0,0.002
5263,0,0,1e-04
5264,0,0,0.0005
5265,1,1,0.9974
5266,0,0,1e-04
5267,0,0,1e-04
5268,0,0,0.0013
5269,0,0,0.0263
5270,0,0,0.0009
5271,0,0,0.0003
5272,0,0,1e-04
5273,0,0,0.0002
5274,0,0,1e-04
5275,0,0,0.0003
5276,0,0,1e-04
5277,0,0,0.0003
5278,0,0,1e-04
5279,0,0,0.0004
5280,0,0,0.4565
5281,0,0,0.0403
5282,0,0,0.0051
5283,0,0,0.0002
5284,1,1,0.9961
5285,0,0,1e-04
5286,0,0,0.0004
5287,0,0,0.0024
5288,0,0,0.1424
5289,0,0,0.0002
5290,0,0,0.0002
5291,0,0,0.0088
5292,0,0,1e-04
5293,0,0,1e-04
5294,0,0,0.0002
5295,0,0,0.0002
5296,1,0,0.1153
5297,0,0,0.0976
5298,0,0,0.0041
5299,0,0,0.4724
5300,0,0,0.0003
5301,0,0,0.0002
5302,0,0,0.0002
5303,0,0,0.0005
5304,0,0,0.0002
5305,0,0,0.0002
5306,0,0,0.0086
5307,0,0,0.0003
5308,0,0,0.0003
5309,0,0,1e-04
5310,0,0,1e-04
5311,0,0,0.0244
5312,0,0,0.0012
5313,0,0,0.0009
5314,0,0,0.0002
5315,0,0,0.0003
5316,0,0,0.1496
5317,0,0,0.0024
5318,0,0,0.0002
5319,0,0,0.0039
5320,0,0,0.0011
5321,0,0,0.0708
5322,0,0,0.042
5323,0,0,1e-04
5324,0,0,0.0041
5325,0,0,1e-04
5326,0,0,1e-04
5327,0,0,0.0885
5328,0,0,0.0005
5329,0,0,0.0004
5330,0,0,0.0002
5331,1,1,0.9989
5332,0,0,0.0002
5333,0,0,0.0003
5334,0,0,1e-04
5335,0,0,0.0617
5336,0,0,0.0003
5337,0,0,0.0006
5338,0,0,0.2145
5339,0,0,0.004
5340,0,0,0.0006
5341,0,0,0.0003
5342,0,0,1e-04
5343,0,0,0.0033
5344,0,0,1e-04
5345,0,0,0.0007
5346,0,0,0.3242
5347,0,0,0.0008
5348,0,0,1e-04
5349,0,0,0.0002
5350,0,0,0.0006
5351,0,0,1e-04
5352,0,0,1e-04
5353,1,1,0.999
5354,0,0,0.0002
5355,0,0,0.0003
5356,0,0,0.0185
5357,0,0,0.0124
5358,0,0,0.001
5359,0,0,0.0004
5360,0,0,0.0002
5361,0,0,0.003
5362,0,0,0.0002
5363,0,0,0.0317
5364,0,0,0.0002
5365,0,0,0.2669
5366,0,0,0.0004
5367,0,0,0.0002
5368,0,0,0.1254
5369,0,0,0.0033
5370,0,0,0.0002
5371,0,0,0.1597
5372,0,0,0.0002
5373,0,0,0.0061
5374,0,0,0.0932
5375,0,0,0.0088
5376,0,0,0.0003
5377,0,0,0.0003
5378,0,0,0.008
5379,0,0,0.4931
5380,0,0,0.0024
5381,0,0,0.0027
5382,0,0,0.0023
5383,0,0,0.0012
5384,0,0,0.0004
5385,0,0,0.0145
5386,0,0,0.002
5387,0,0,0.0004
5388,0,0,0.0038
5389,0,0,0.5643
5390,0,0,1e-04
5391,0,0,0.0003
5392,0,0,0.0041
5393,0,0,0.0004
5394,0,0,0.0992
5395,0,0,0.0003
5396,0,0,0.572
5397,0,0,0.0003
5398,0,0,0.0004
5399,1,1,0.9986
5400,0,0,1e-04
5401,0,0,1e-04
5402,0,0,0.8937
5403,0,0,0.0003
5404,0,0,0.0002
5405,0,0,0.0045
5406,0,0,0.0118
5407,0,0,0.0081
5408,0,0,1e-04
5409,0,0,0.0002
5410,0,0,0.0002
5411,0,0,0.0122
5412,0,0,0.0004
5413,0,0,0.0098
5414,0,0,0.0011
5415,0,0,0.0562
5416,0,0,0.0003
5417,0,0,1e-04
5418,1,0,0.2483
5419,0,0,0.0687
5420,0,0,0.0061
5421,0,0,0.0019
5422,0,0,0.0014
5423,0,0,0.0004
5424,0,0,0.0005
5425,0,0,0.0002
5426,0,0,0.0002
5427,0,0,0.0002
5428,0,0,0.0009
5429,0,0,0.034
5430,0,0,1e-04
5431,0,0,0.0005
5432,0,0,0.1715
5433,0,0,0.7365
5434,0,0,0.0004
5435,0,0,0.0493
5436,0,0,0.0039
5437,0,0,0.0014
5438,0,0,0.0018
5439,0,0,0.0003
5440,0,0,0.0002
5441,0,0,0.0003
5442,1,0,0.7071
5443,0,0,0.0004
5444,0,0,0.0006
5445,0,0,0.0004
5446,0,0,1e-04
5447,0,0,0.0002
5448,0,0,0.0028
5449,0,0,0.0366
5450,0,0,0.0005
5451,0,0,0.0002
5452,0,0,0.0004
5453,1,1,0.9869
5454,0,0,0.0003
5455,0,0,0.2037
5456,0,0,0.0002
5457,0,0,0.0012
5458,0,0,0.0013
5459,0,0,0.2947
5460,0,0,0.0342
5461,0,0,0.0044
5462,0,0,0.4172
5463,0,0,0.0003
5464,0,0,0.0002
5465,0,0,0.0002
5466,0,0,0.0004
5467,0,0,0.0004
5468,0,0,0.0003
5469,0,0,0.0022
5470,0,0,1e-04
5471,0,0,0.0002
5472,0,0,0.0002
5473,0,0,0.0013
5474,0,0,0.0004
5475,0,0,0.0155
5476,0,0,0.0002
5477,0,0,0.0002
5478,0,0,0.0003
5479,0,0,0.2414
5480,0,0,0.0003
5481,0,0,0.0056
5482,0,0,0.0002
5483,0,0,0.0029
5484,0,0,0.0022
5485,0,0,0.037
5486,0,0,0.0004
5487,0,0,1e-04
5488,0,0,0.0045
5489,0,0,0.0043
5490,0,0,0.0003
5491,0,0,1e-04
5492,0,0,1e-04
5493,0,0,0.0005
5494,0,0,0.0005
5495,0,0,0.0002
5496,0,0,0.0033
5497,1,0,0.0325
5498,0,0,1e-04
5499,0,0,0.0007
5500,0,0,0.0003
5501,0,0,0.0004
5502,0,0,0.0003
5503,0,0,1e-04
5504,0,0,0.0227
5505,0,0,1e-04
5506,1,0,0.0008
5507,0,0,0.0025
5508,0,0,0.0004
5509,0,0,1e-04
5510,0,0,0.0009
5511,0,0,0.0002
5512,0,0,0.0002
5513,0,0,0.001
5514,0,0,0.0037
5515,0,0,0.0086
5516,0,0,0.3927
5517,0,0,0.0068
5518,0,0,0.0003
5519,0,0,0.0022
5520,0,0,0.0002
5521,0,0,0.0003
5522,0,0,0.0002
5523,0,0,0.0839
5524,0,0,0.0096
5525,0,0,0.0002
5526,0,0,1e-04
5527,1,0,0.2895
5528,0,0,0.0215
5529,0,0,0.0859
5530,0,0,0.0002
5531,0,0,0.0002
5532,0,0,0.0656
5533,0,0,0.0003
5534,0,0,0.0005
5535,0,0,0.0002
5536,0,0,1e-04
5537,0,0,0.0193
5538,0,0,0.139
5539,0,0,0.0002
5540,0,0,0.0031
5541,0,0,0.0003
5542,0,0,0.0003
5543,0,0,0.0002
5544,0,0,0.0303
5545,0,0,0.0171
5546,0,0,0.0608
5547,0,0,1e-04
5548,0,0,0.0015
5549,0,0,0.0002
5550,0,0,0.0003
5551,0,0,1e-04
5552,0,0,0.0009
5553,0,0,0.0006
5554,0,0,0.0005
5555,0,0,0.0003
5556,0,0,1e-04
5557,0,0,0.0005
5558,0,0,0.0002
5559,0,0,0.0002
5560,0,0,0.0003
5561,0,0,0.0002
5562,0,0,0.0002
5563,0,0,0.0002
5564,0,0,1e-04
5565,0,0,0.0003
5566,0,0,0.0003
5567,0,0,0.0005
5568,0,0,1e-04
5569,0,0,0.0012
5570,0,0,0.0075
5571,0,0,0.0076
5572,0,0,1e-04
5573,0,0,0.0256
5574,0,0,0.0004
5575,0,0,0.0005
5576,0,0,0.2924
5577,0,0,0.0004
5578,0,0,0.0364
5579,0,0,0.0012
5580,0,0,0.0015
5581,0,0,0.0002
5582,0,0,0.0003
5583,1,0,0.1179
5584,0,0,0.0003
5585,0,0,0.0003
5586,0,0,0.0002
5587,0,0,0.002
5588,0,0,0.0028
5589,0,0,0.0002
5590,0,0,1e-04
5591,0,0,1e-04
5592,0,0,0.0002
5593,0,0,0.0015
5594,0,0,0.0062
5595,0,0,0.0707
5596,0,0,0.0006
5597,0,0,0.0004
5598,0,0,0.0003
5599,0,0,0.0002
5600,0,0,0.0002
5601,0,0,1e-04
5602,0,0,0.4792
5603,0,0,0.0004
5604,0,0,1e-04
5605,0,0,0.0063
5606,0,0,0.0007
5607,0,0,0.0004
5608,0,0,0.003
5609,0,0,0.0037
5610,0,0,0.7068
5611,0,0,0.0039
5612,0,0,1e-04
5613,0,0,0.0016
5614,0,0,0.0012
5615,1,1,0.9995
5616,0,0,0.0002
5617,0,0,0.0002
5618,0,0,0.009
5619,0,0,0.0002
5620,0,0,0.3847
5621,0,0,0.0063
5622,0,0,0.0006
5623,1,0,0.0202
5624,0,0,0.0369
5625,0,0,1e-04
5626,0,0,0.0003
5627,0,0,1e-04
5628,0,0,0.0075
5629,0,0,0.0273
5630,0,0,0.1294
5631,0,0,0.0004
5632,0,0,0.075
5633,0,0,0.0596
5634,0,0,0.0003
5635,0,0,0.0471
5636,0,0,0.0005
5637,0,0,0.2615
5638,0,0,0.0003
5639,0,0,0.0416
5640,0,0,0.0003
5641,0,0,0.0004
5642,0,0,1e-04
5643,0,0,0.0005
5644,0,0,0.0003
5645,0,0,0.0018
5646,0,0,0.0004
5647,0,0,0.0018
5648,0,0,1e-04
5649,0,0,0.0012
5650,0,0,0.0136
5651,0,0,0.0429
5652,0,0,0.0002
5653,0,0,0.0002
5654,0,0,0.0004
5655,0,0,0.0003
5656,0,0,0.0002
5657,0,0,0.0002
5658,0,0,0.0024
5659,0,0,0.2215
5660,0,0,0.0012
5661,0,0,1e-04
5662,0,0,1e-04
5663,0,0,0.0005
5664,0,0,0.0019
5665,0,0,0.0141
5666,0,0,0.0006
5667,0,0,0.0003
5668,0,0,0.0208
5669,0,0,0.0005
5670,0,0,0.1553
5671,0,0,1e-04
5672,0,0,0.0003
5673,0,0,0.0002
5674,0,0,1e-04
5675,0,0,0.0002
5676,0,0,1e-04
5677,0,0,0.0605
5678,0,0,0.0028
5679,0,0,0.0009
5680,1,1,0.996
5681,0,0,0.0002
5682,0,0,0.0005
5683,0,0,0.0002
5684,0,0,0.0002
5685,0,0,0.0208
5686,0,0,0.2241
5687,0,0,0.0005
5688,0,0,1e-04
5689,0,0,0.0002
5690,0,0,0.0081
5691,0,0,0.0005
5692,0,0,0.0026
5693,0,0,0.8416
5694,0,0,0.0002
5695,0,0,0.1381
5696,0,0,1e-04
5697,0,0,0.0003
5698,0,0,1e-04
5699,0,0,0.0002
5700,0,0,0.0156
5701,0,0,0.0319
5702,0,0,0.001
5703,0,0,0.0004
5704,0,0,0.0003
5705,0,0,0.0002
5706,0,0,0.0002
5707,0,0,0.0453
5708,0,0,0.1301
5709,0,0,1e-04
5710,0,0,0.0002
5711,0,0,0.8649
5712,0,0,0.6504
5713,0,0,1e-04
5714,0,0,0.0039
5715,0,0,0.1953
5716,0,0,0.4119
5717,0,0,0.0003
5718,0,0,0.0002
5719,0,0,0.0004
5720,0,0,0.086
5721,0,0,0.0002
5722,0,0,0.0002
5723,0,0,0.0002
5724,0,0,0.0004
5725,0,0,0.652
5726,0,0,0.0038
5727,0,0,0.0217
5728,0,0,1e-04
5729,0,0,0.1398
5730,0,0,0.0003
5731,0,0,0.0111
5732,0,0,0.0002
5733,0,0,0.4721
5734,0,0,0.0003
5735,0,0,0.0034
5736,0,0,0.0003
5737,0,0,0.0002
5738,0,0,0.0006
5739,0,0,0.0005
5740,0,0,0.0002
5741,0,0,1e-04
5742,0,0,0.0002
5743,0,0,0.0571
5744,0,0,0.0003
5745,0,0,0.0012
5746,0,0,0.0002
5747,0,0,0.0002
5748,0,0,0.0002
5749,0,0,0.0002
5750,0,0,0.0004
5751,0,0,0.0026
5752,0,0,0.0003
5753,0,0,0.0003
5754,0,0,0.0003
5755,0,0,0.0006
5756,0,0,0.3777
5757,0,0,0.0019
5758,0,0,0.0047
5759,0,0,0.0003
5760,0,0,0.0021
5761,0,0,0.0003
5762,0,0,0.1187
5763,0,0,0.0002
5764,0,0,0.1417
5765,0,0,0.0004
5766,0,0,0.7902
5767,0,0,0.0122
5768,0,0,0.0029
5769,0,0,0.0002
5770,0,0,0.0019
5771,0,0,0.057
5772,0,0,1e-04
5773,0,0,0.0006
5774,0,0,0.0009
5775,0,0,0.0006
5776,0,0,0.0003
5777,0,0,0.0002
5778,0,0,0.0005
5779,0,0,1e-04
5780,0,0,0.0002
5781,0,0,0.2927
5782,0,0,0.0004
5783,0,0,0.0244
5784,0,0,0.0003
5785,0,0,1e-04
5786,0,0,1e-04
5787,0,0,0.0005
5788,0,0,0.1672
5789,0,0,0.0012
5790,0,0,0.0009
5791,0,0,0.0004
5792,0,0,0.0058
5793,0,0,0.0002
5794,0,0,0.0014
5795,0,0,0.0002
5796,0,0,0.0007
5797,0,0,0.0006
5798,0,0,1e-04
5799,0,0,0.0018
5800,0,0,1e-04
5801,0,0,1e-04
5802,0,0,1e-04
5803,0,0,0.0003
5804,0,0,0.0275
5805,0,0,1e-04
5806,0,0,0.0257
5807,0,0,0.0002
5808,0,0,0.0005
5809,0,0,0.0003
5810,0,0,0.0003
5811,0,0,0.0013
5812,0,0,0.0025
5813,0,0,0.0047
5814,0,0,0.0002
5815,0,0,0.0002
5816,0,0,0.0312
5817,0,0,0.0006
5818,0,0,0.0952
5819,0,0,0.0378
5820,0,0,0.0046
5821,0,0,0.0007
5822,0,0,0.0006
5823,0,0,0.0049
5824,0,0,0.0053
5825,0,0,0.0006
5826,0,0,0.0006
5827,0,0,1e-04
5828,0,0,0.0013
5829,0,0,0.0002
5830,0,0,0.0015
5831,0,0,0.006
5832,0,0,1e-04
5833,0,0,0.0043
5834,0,0,0.1722
5835,0,0,0.0002
5836,0,0,1e-04
5837,0,0,0.0003
5838,0,0,0.0022
5839,0,0,0.0003
5840,0,0,0.0182
5841,0,0,0.0004
5842,0,0,1e-04
5843,0,0,0.003
5844,1,1,0.9993
5845,0,0,0.3779
5846,0,0,0.0015
5847,0,0,0.0003
5848,0,0,0.2525
5849,0,0,0.0002
5850,0,0,0.0101
5851,0,0,0.0003
5852,0,0,0.1804
5853,0,0,0.0004
5854,0,0,0.0005
5855,0,0,0.0023
5856,0,0,0.0295
5857,0,0,0.0005
5858,0,0,0.0002
5859,0,0,0.0002
5860,0,0,0.0034
5861,0,0,0.0003
5862,0,0,1e-04
5863,0,0,0.0002
5864,0,0,0.0002
5865,0,0,0.0032
5866,0,0,1e-04
5867,0,0,0.0004
5868,0,0,0.008
5869,0,0,0.0009
5870,0,0,0.0003
5871,0,0,1e-04
5872,0,0,0.0002
5873,1,0,0.4245
5874,0,0,1e-04
5875,0,0,1e-04
5876,0,0,0.0076
5877,0,0,0.0003
5878,0,0,0.0029
5879,0,0,0.0042
5880,0,0,0.0003
5881,0,0,0.0003
5882,0,0,0.0003
5883,0,0,0.0002
5884,0,0,0.0002
5885,0,0,0.0002
5886,0,0,0.0608
5887,0,0,0.0062
5888,0,0,0.0082
5889,0,0,0.0002
5890,0,0,0.0003
5891,0,0,0.0007
5892,0,0,0.0027
5893,0,0,0.1243
5894,0,0,0.0003
5895,0,0,0.0005
5896,0,0,0.0351
5897,0,0,0.0002
5898,0,0,0.5607
5899,0,0,0.0005
5900,0,0,1e-04
5901,0,0,0.0005
5902,0,0,0.0002
5903,0,0,0.0002
5904,0,0,0.0002
5905,0,0,0.0004
5906,0,0,1e-04
5907,0,0,0.0002
5908,0,0,0.0007
5909,0,0,0.0364
5910,0,0,0.0037
5911,0,0,0.0002
5912,0,0,0.0004
5913,0,0,0.0004
5914,0,0,0.0005
5915,0,0,0.0002
5916,0,0,0.0003
5917,0,0,0.0005
5918,0,0,0.0004
5919,1,0,0.0386
5920,0,0,0.0083
5921,0,0,0.3182
5922,0,0,0.0005
5923,0,0,0.003
5924,0,0,0.0002
5925,0,0,0.0018
5926,0,0,0.0003
5927,0,0,0.0004
5928,0,0,0.0869
5929,0,0,0.0002
5930,0,0,0.0306
5931,0,0,0.0007
5932,0,0,0.0003
5933,0,0,0.0008
5934,1,0,0.827
5935,0,0,0.0004
5936,0,0,0.0003
5937,0,0,0.0002
5938,0,0,1e-04
5939,1,0,0.6508
5940,0,0,0.0446
5941,0,0,0.4074
5942,1,0,0.8
5943,0,0,0.0004
5944,0,0,0.0057
5945,0,0,0.0002
5946,0,0,0.0002
5947,0,0,0.059
5948,0,0,0.0002
5949,0,0,0.0114
5950,0,0,1e-04
5951,0,0,0.1057
5952,0,0,0.0008
5953,0,0,0.0002
5954,0,0,0.0003
5955,0,0,0.0003
5956,0,0,0.0007
5957,0,0,0.003
5958,0,0,1e-04
5959,0,0,1e-04
5960,0,0,0.1048
5961,0,0,0.0002
5962,0,0,0.0003
5963,0,0,0.0012
5964,1,1,0.998
5965,0,0,0.0015
5966,0,0,0.3333
5967,0,0,1e-04
5968,0,0,0.002
5969,0,0,0.001
5970,0,0,0.0005
5971,0,0,1e-04
5972,0,0,0.0006
5973,0,0,0.0011
5974,0,0,0.0002
5975,0,0,1e-04
5976,0,0,0.0002
5977,0,0,0.0002
5978,0,0,0.0005
5979,1,0,0.0235
5980,0,0,0.0006
5981,0,0,0.0016
5982,0,0,0.0016
5983,0,0,0.0005
5984,0,0,0.0005
5985,0,0,0.2593
5986,0,0,0.0002
5987,0,0,1e-04
5988,0,0,0.198
5989,1,1,0.9988
5990,0,0,0.0008
5991,0,0,0.034
5992,0,0,0.0004
5993,0,0,0.0028
5994,0,0,0.0016
5995,0,0,0.0032
5996,0,0,1e-04
5997,0,0,0.0004
5998,0,0,0.121
5999,0,0,0.0019
